Time, Fx, Fy, Fz, Tx, Ty, Yz, Fx_tmp, Fy_tmp, Fz_tmp, Tx_tmp, Ty_tmp, Tz_tmp
0.086, 0, 0, 0, 0, 0, 0, 0, 0.12, 0.32, -0.001, 0.002, 0.003, 
0.186, 0, 0, 0, 0, 0, 0, 0.08, 0.06, -0.12, 0, 0.001, -0.0015, 
0.286, 0, 0, 0, 0, 0, 0, 0, -0.04, 0.34, 0.0095, 0.0055, 0.0035, 
0.386, 0, 0, 0, 0, 0, 0, -0.24, 0.2, 0.18, -0.004, -0.0055, 0.001, 
0.486, 0, 0, 0, 0, 0, -0.0095, 0.12, 0.12, -0.08, 0, -0.0085, -0.0095, 
0.586, 0, 0, 0, 0, 0, 0, -0.6, 0.18, 0.24, 0.007, 0.009, 0.004, 
0.686, 0, 0, 0, 0, 0, 0.0115, 0, -0.24, -0.6, -0.0065, -0.001, 0.0115, 
0.786, -0.88, 0, 0, 0, 0, 0, -0.88, 0, 0.02, 0.004, 0.0015, -0.003, 
0.886, 0, 0, 0, 0, 0, 0.009, 0, 0.06, 0.5, -0.007, 0.0205, 0.009, 
0.986, -1.02, 0.96, 0, 0, 0, 0, -1.02, 0.96, 0.14, 0.0225, 0.0155, 0.001, 
1.086, 0, 0, -0.86, 0, 0, 0.0105, -0.32, 0.38, -0.86, -0.023, -0.029, 0.0105, 
1.186, 0, 0, 0, 0, 0, -0.017, -0.72, 0.3, 0.58, 0.0245, 0.002, -0.017, 
1.286, -0.82, 0, 0, 0, 0, 0.0125, -0.82, 0.04, -0.66, -0.0235, 0.008, 0.0125, 
1.386, 0, 0, 0, 0, 0, -0.011, 0.1, 0.48, 0.68, 0.011, 0.002, -0.011, 
1.486, 0, 0, 1.14, 0, 0, 0, -0.36, 0.2, 1.14, 0.018, -0.04, -0.0005, 
1.586, -0.88, 0, 0, 0, 0, -0.005, -0.88, -0.1, 0.54, -0.004, -0.0215, -0.005, 
1.686, 0, 0, 0.92, 0, 0, 0, -0.32, 0.54, 0.92, 0.005, -0.035, 0.0005, 
1.786, 0, 0, 0.9, 0, 0, -0.0145, 0, -0.06, 0.9, 0.0125, -0.0255, -0.0145, 
1.886, 0, 0, 0, 0, 0, 0.011, -0.34, 0.34, 0.2, 0.004, 0.0125, 0.011, 
1.986, -1.72, 0, 0, 0, 0, -0.0085, -1.72, -0.04, 0.64, 0.022, -0.012, -0.0085, 
2.086, -1.36, 0, 0, 0, 0, 0.0075, -1.36, 0.46, 0.52, 0.0245, -0.012, 0.0075, 
2.186, -0.98, 0, 0, 0, 0, 0, -0.98, 0.16, 0.4, -0.0015, -0.018, -0.004, 
2.286, -1.4, 0, 0, 0, 0, 0, -1.4, 0.04, 0.7, -0.0125, -0.0115, -0.001, 
2.386, -1.42, 0, 0, 0, 0, 0, -1.42, -0.02, 0.62, -0.006, -0.0165, 0, 
2.486, -1.5, 0, 0, 0, 0, -0.0065, -1.5, 0.26, 0.46, 0.013, -0.0095, -0.0065, 
2.586, -1.08, 0, 0, 0, 0, 0, -1.08, -0.22, 0.5, -0.01, -0.017, 0, 
2.686, -1.68, 0, 0, 0, 0, 0.008, -1.68, -0.3, 0.5, -0.0095, -0.0115, 0.008, 
2.786, -1.38, 0, 0, 0, 0, 0, -1.38, 0.24, 0.46, 0.005, -0.012, 0.002, 
2.886, -1.54, 0, 0, 0, 0, 0, -1.54, 0.14, 0.44, 0.009, -0.0155, 0.0025, 
2.986, -1.54, 0, 0, 0, 0, 0, -1.54, 0.04, 0.26, 0, -0.0195, -0.001, 
3.086, -1.52, 0, 0, 0, 0, 0, -1.52, 0.14, 0.24, 0.009, -0.0205, -0.0025, 
3.186, -1.24, 0, 0.98, 0, 0, 0, -1.24, 0.08, 0.98, -0.0035, -0.0145, 0.0035, 
3.286, -1.22, 0, 0, 0, 0, 0, -1.22, 0.18, 0.78, 0.0115, -0.014, 0.0035, 
3.386, -1.38, 0, 0, 0, 0, 0.009, -1.38, -0.06, 0.44, 0.007, -0.0115, 0.009, 
3.486, -1.36, 0, 0, 0, 0, 0, -1.36, 0.1, 0.24, 0.0045, -0.017, 0.0045, 
3.586, -1.3, 0, 0, 0, 0, 0.007, -1.3, -0.16, 0.62, -0.001, -0.015, 0.007, 
3.686, -1.34, 0, 0, 0, 0, 0, -1.34, -0.06, 0.4, -0.001, -0.0255, -0.004, 
3.786, -1.34, 0, 0, 0, 0, 0, -1.34, -0.02, 0.3, 0, -0.016, -0.0015, 
3.886, -1.34, 0, 0, 0, 0, 0, -1.34, -0.06, 0.46, 0.0005, -0.0185, 0.0035, 
3.986, -1.5, 0, 0.92, 0, 0, 0, -1.5, -0.24, 0.92, -0.0025, -0.015, 0.0015, 
4.086, -1.44, 0, 0.96, 0, 0, 0, -1.44, -0.14, 0.96, -0.005, -0.015, 0.001, 
4.186, -1.36, 0, 0, 0, 0, 0.0055, -1.36, -0.14, 0.46, 0.001, -0.0125, 0.0055, 
4.286, -1.32, 0, 0, 0, 0, 0, -1.32, 0.08, 0.32, 0.005, -0.02, 0.0005, 
4.386, -1.38, 0, 0, 0, 0, 0.0065, -1.38, -0.2, 0.68, 0.0045, -0.013, 0.0065, 
4.486, -1.22, 0, 0, 0, 0, 0, -1.22, 0.26, 0.46, 0.0095, -0.018, 0.0015, 
4.586, -1.42, 0, 0, 0, 0, 0, -1.42, 0.14, 0.5, 0.011, -0.01, 0.0025, 
4.686, -1.34, 0, 0, 0, 0, 0, -1.34, 0.04, 0.54, 0.001, -0.0285, -0.0025, 
4.786, -1.3, 0, 0, 0, 0, 0, -1.3, 0.06, 0.42, 0.001, -0.0145, 0.0025, 
4.886, -1.54, 0, 0, 0, 0, 0, -1.54, -0.02, 0.44, 0.0085, -0.0095, 0.0025, 
4.986, -1.22, 0, 0, 0, 0, 0, -1.22, 0.04, 0.38, -0.0035, -0.014, -0.004, 
5.086, -1.26, 0, 0, 0, 0, 0, -1.26, -0.02, 0.58, 0.0085, -0.0135, -0.0035, 
5.186, -1.3, 0, 0, 0, 0, 0.0055, -1.3, -0.14, 0.3, 0.0025, -0.0195, 0.0055, 
5.286, -1.34, 0, 0, 0, 0, 0, -1.34, -0.18, 0.46, 0.002, -0.0135, 0.0015, 
5.386, -1.46, 0, 0, 0, 0, 0, -1.46, 0.06, 0.76, 0.009, -0.006, -0.0005, 
5.486, -1.6, 0, 0, 0, 0, -0.009, -1.6, 0.18, 0.46, 0.0105, -0.01, -0.009, 
5.586, -1.1, 0, 0, 0, 0, 0, -1.1, 0, 0.62, 0.012, -0.018, 0.0045, 
5.686, -1.02, 0, 0, 0, 0, 0, -1.02, 0.12, 0.58, 0.006, -0.011, -0.004, 
5.786, -0.82, 0, 0, 0, 0, 0, -0.82, -0.06, 0.72, 0.002, -0.0055, 0.003, 
5.886, -1.24, 0, 0, 0, 0, 0.0075, -1.24, -0.12, 0.32, 0.0005, -0.0005, 0.0075, 
5.986, -1.16, 0, 0, 0, 0, 0, -1.16, 0.06, 0.68, 0, -0.016, -0.0035, 
6.086, 0, 0, 0, 0, 0, -0.006, -0.6, 0.22, 0.76, 0, -0.0045, -0.006, 
6.186, -0.84, 0, 0, 0, 0, 0, -0.84, 0.18, 0.78, 0.0115, -0.008, -0.0035, 
6.286, -1.24, 0, 0, 0, 0, 0, -1.24, -0.16, 0.46, 0.005, -0.018, -0.001, 
6.386, -0.88, 0, 0, 0, 0, 0, -0.88, 0.02, 0.5, 0.0005, -0.006, -0.001, 
6.486, 0, 0, 0, 0, 0, 0.011, -0.76, -0.1, 0.36, 0.0045, 0.0085, 0.011, 
6.586, 0, 0, 0, 0, 0, -0.006, -0.74, 0.14, 0.64, 0.0085, -0.0075, -0.006, 
6.686, -0.96, 0, 0, 0, 0, 0, -0.96, 0.16, 0.42, 0.01, -0.0035, -0.004, 
6.786, 0, 0, 0.8, 0, 0, 0, -0.16, -0.26, 0.8, -0.002, -0.001, 0, 
6.886, -0.88, 0, 1.06, 0, 0, 0, -0.88, 0, 1.06, 0.008, -0.0035, -0.004, 
6.986, 0, 0, 0, 0, 0, -0.0085, -0.24, 0, 0.7, 0, 0.002, -0.0085, 
7.086, 0, 0, 0, 0, 0, 0, -0.66, 0, 0.2, 0.0095, -0.01, 0.0025, 
7.186, -0.94, 0, 0, 0, 0, 0, -0.94, 0.42, 0.74, 0.0105, 0.0005, 0.001, 
7.286, -0.8, 0, 0, 0, 0, 0, -0.8, 0.14, 0.26, 0.0035, 0.023, 0.0035, 
7.386, 0, 0, 0, 0, 0, -0.009, -0.4, 0.06, 0.34, 0.013, -0.009, -0.009, 
7.486, 0, 0, 0, 0, 0, 0, -0.52, 0.14, -0.28, -0.0085, 0.0075, 0, 
7.586, 0, 0, 0, 0, 0, 0, -0.62, 0, 0.38, 0.0015, -0.009, 0.0045, 
7.686, 0, 0, 0, 0, 0, 0, -0.34, -0.16, 0.08, 0.001, 0.005, 0.0035, 
7.786, -0.82, 0, 0, 0, 0, 0, -0.82, 0.2, 0.36, 0.01, 0.0155, 0.001, 
7.886, 0, 0, 0, 0, 0, 0, -0.54, 0.12, -0.02, -0.007, 0.002, 0, 
7.986, 0, 0, 0, 0, 0, 0, 0, 0, 0.72, 0.0035, 0.0025, 0.0005, 
8.086, 0, 0, 0, 0, 0, 0.011, -0.64, -0.26, -0.24, -0.012, 0.0095, 0.011, 
8.186, 0, 0, 0, 0, 0, 0.0085, -0.06, 0, -0.22, 0.013, -0.005, 0.0085, 
8.286, 0, 0, 0, 0, 0, 0.0085, 0, -0.32, 0.16, -0.0145, -0.0155, 0.0085, 
8.386, 0, 0, 0, 0, 0, 0.005, -0.06, -0.16, 0.42, 0.0015, -0.005, 0.005, 
8.486, 0, 0, 0, 0, 0, 0, 0, -0.2, -0.28, -0.0055, 0, 0.0015, 
8.586, 0, 0, 0, 0, 0, 0, -0.24, -0.04, 0.14, -0.0005, -0.002, -0.002, 
8.686, 0, 0, 0, 0, 0, 0.015, -0.34, 0.12, -0.3, -0.0085, -0.007, 0.015, 
8.786, 0, 0, 0, 0, 0, 0.0135, -0.02, -0.02, -0.14, -0.006, -0.008, 0.0135, 
8.886, 0, 0, 0, 0, 0, -0.005, -0.08, 0.3, 0.26, 0.003, 0.0155, -0.005, 
8.986, 0, 0, 0, 0, 0, 0, 0.1, 0.16, -0.2, 0.006, 0.002, -0.0025, 
9.086, 0, 0, 0, 0, 0, -0.018, 0.6, -0.24, 0.32, 0.0165, 0.003, -0.018, 
9.186, 0, 0, 0, 0, 0, 0.006, -0.12, 0.04, -0.5, 0.004, -0.0005, 0.006, 
9.286, 0, 0, 0, 0, 0, 0.0055, -0.12, 0.04, -0.42, -0.0045, -0.001, 0.0055, 
9.386, 0, 0, 0, 0, 0, 0, -0.14, 0.24, -0.4, 0.007, -0.003, 0.0005, 
9.486, 0, 0, 0, 0, 0, 0, 0.22, -0.08, -0.7, 0.003, 0.0135, 0, 
9.586, 0, 0, 0, 0, 0, 0.005, 0.16, -0.14, -0.14, 0.0015, 0.002, 0.005, 
9.686, 0, 0, 0, 0, 0, 0, 0.56, -0.02, -0.22, 0, -0.013, 0.0025, 
9.786, 0, 0, 0, 0, 0, 0, 0.54, -0.18, 0.04, -0.0135, 0.004, 0, 
9.886, 0, 0, 0, 0, 0, -0.005, 0.12, 0.14, -0.22, 0.002, 0.011, -0.005, 
9.986, 0, 0, 0, 0, 0, 0, 0.1, -0.06, -0.44, -0.0015, 0.017, -0.004, 
10.086, 0, 0, 0, 0, 0, 0, 0.66, 0.12, -0.48, 0.004, -0.007, 0.003, 
10.186, 0, 0, 0, 0, 0, 0, 0.42, 0.12, -0.66, 0.0065, -0.001, 0.002, 
10.286, 0, 0, 0, 0, 0, 0, 0.12, 0.16, -0.52, 0.0025, 0.0115, -0.0005, 
10.386, 0, 0, 0, 0, 0, 0, 0.14, -0.1, -0.46, 0, 0.007, 0, 
10.486, 0, 0, 0, 0, 0, 0, 0.12, -0.04, -0.7, -0.008, 0.0115, -0.0025, 
10.586, 0, 0, 0, 0, 0, 0, 0.56, -0.14, -0.76, 0.0045, 0.005, -0.001, 
10.686, 0, 0, 0, 0, 0, 0, 0.14, 0.02, -0.58, -0.003, 0.015, -0.004, 
10.786, 0, 0, 0, 0, 0, 0, 0.24, 0, -0.5, 0, 0, -0.002, 
10.886, 0, 0, 0, 0, 0, 0, 0.2, 0.16, -0.7, 0.004, 0.0085, -0.0025, 
10.986, 0, 0, 0, 0, 0, -0.007, 0.18, -0.08, -0.34, -0.001, 0.014, -0.007, 
11.086, 0, 0, 0, 0, 0, -0.0055, 0.18, 0.2, -0.6, 0, 0.0035, -0.0055, 
11.186, 0, 0, 0, 0, 0, 0, 0.26, -0.04, -0.66, -0.005, 0.007, 0.003, 
11.286, 0, 0, 0, 0, 0, 0, 0.38, 0.02, -0.7, 0.001, 0.001, 0, 
11.386, 0, 0, -0.8, 0, 0, -0.007, 0.42, -0.04, -0.8, 0, 0.004, -0.007, 
11.486, 0, 0, 0, 0, 0, 0, 0.34, 0.28, -0.56, -0.006, 0.007, -0.002, 
11.586, 0, 0, -1, 0, 0, 0.0055, 0.14, -0.3, -1, 0.0035, 0.0045, 0.0055, 
11.686, 0, 0, -1.08, 0, 0, 0, 0.3, -0.04, -1.08, 0, 0.0045, 0.004, 
11.786, 0, 0, -0.84, 0, 0, -0.0055, 0.48, 0.42, -0.84, 0.009, 0.0005, -0.0055, 
11.886, 0, 0, 0, 0, 0, 0, 0.26, -0.08, -0.72, -0.0105, 0.0045, -0.002, 
11.986, 0, 0, -1.2, 0, 0, 0, 0.56, 0.06, -1.2, -0.0065, 0.0025, 0.0005, 
12.086, 0, 0, -1.02, 0, 0, 0, 0.42, 0.4, -1.02, 0.0145, 0.0005, -0.001, 
12.186, 0, 0, 0, 0, 0, -0.0075, 0.26, 0.2, -0.4, -0.0005, 0.0075, -0.0075, 
12.286, 0, 0, -0.92, 0, 0, 0, 0.36, -0.02, -0.92, 0.0065, 0.008, 0.002, 
12.386, 0, 0, -1.18, 0, 0, 0, 0.5, 0.04, -1.18, 0.004, 0.0075, 0, 
12.486, 0, 0, -0.8, 0, 0, -0.005, 0.46, -0.08, -0.8, -0.0005, 0.004, -0.005, 
12.586, 0, 0, 0, 0, 0, 0, 0.6, -0.06, -0.68, 0.001, -0.01, -0.0035, 
12.686, 0, 0, 0, 0, 0, 0, 0.3, -0.06, -0.74, -0.0105, 0.0035, -0.001, 
12.786, 0, 0, 0, 0, 0, 0, 0.3, -0.18, -0.68, -0.0085, 0, 0, 
12.886, 0, 0, -0.94, 0, 0, 0, 0.36, -0.22, -0.94, -0.005, 0.0015, 0.0045, 
12.986, 0, 0, 0, 0, 0, 0, 0.38, -0.22, -0.68, -0.011, 0.004, 0.0045, 
13.086, 0, 0, -0.82, 0, 0, -0.005, 0.32, -0.1, -0.82, -0.002, 0.0045, -0.005, 
13.186, 0, 0, -0.98, 0, 0, -0.0055, 0.44, -0.14, -0.98, -0.0105, -0.001, -0.0055, 
13.286, 0, 0, 0, 0, 0, 0, 0.32, 0, -0.58, -0.0005, 0.0095, 0, 
13.386, 0, 0, -1.04, 0, 0, -0.007, 0.36, 0.04, -1.04, 0.0085, 0.0025, -0.007, 
13.486, 0, 0, -0.9, 0, 0, 0, 0.36, 0.04, -0.9, 0.004, 0.0035, 0, 
13.586, 0, 0, -0.92, 0, 0, 0, 0.34, 0, -0.92, 0.0005, 0.003, -0.0015, 
13.686, 0, 0, -1.14, 0, 0, 0, 0.32, -0.12, -1.14, -0.003, -0.001, 0.0005, 
13.786, 0, 0, -0.9, 0, 0, 0, 0.3, -0.04, -0.9, 0.003, 0.0045, -0.0045, 
13.886, 0, 0, 0, 0, 0, 0, 0.38, 0.22, -0.58, 0.007, 0.0045, 0, 
13.986, 0, 0, -1.2, 0, 0, -0.006, 0.38, 0.02, -1.2, -0.013, 0, -0.006, 
14.086, 0, 0, -1.02, 0, 0, 0, 0.16, 0.12, -1.02, 0.008, 0.0045, -0.003, 
14.186, 0, 0, 0, 0, 0, 0, 0.5, -0.08, -0.76, -0.0015, 0.004, 0.0025, 
14.286, 0, 0, -0.96, 0, 0, 0, 0.26, 0, -0.96, -0.0125, 0.005, 0.0015, 
14.386, 2.86, 0.86, -1.62, 0, -0.089, -0.102, 2.86, 0.86, -1.62, 0.0005, -0.089, -0.102, 
14.486, 6.18, -1.02, 0, 0, 0.2705, 0.075, 6.18, -1.02, 0.7, -0.019, 0.2705, 0.075, 
14.586, 7.92, -0.86, 1.14, 0, 0.34, 0.0655, 7.92, -0.86, 1.14, -0.018, 0.34, 0.0655, 
14.686, 6.96, 0, 1.08, 0, 0.311, 0.0425, 6.96, -0.76, 1.08, -0.0275, 0.311, 0.0425, 
14.786, 3.38, 0, 0, 0, 0.0825, 0.0195, 3.38, -0.12, 0, -0.003, 0.0825, 0.0195, 
14.886, 2.2, 0, 0, 0, 0.069, -0.045, 2.2, 0.14, -0.44, -0.0055, 0.069, -0.045, 
14.986, 4.34, -1.66, 3.1, 0, 0.631, 0.0645, 4.34, -1.66, 3.1, -0.031, 0.631, 0.0645, 
15.086, 3.54, -1.5, 3.32, 0, 0.6125, 0.086, 3.54, -1.5, 3.32, -0.015, 0.6125, 0.086, 
15.186, 2.62, 0, 1.92, 0, 0.421, 0.014, 2.62, -0.78, 1.92, -0.0285, 0.421, 0.014, 
15.286, 1.76, -1.22, 1.98, 0, 0.322, 0.024, 1.76, -1.22, 1.98, -0.0205, 0.322, 0.024, 
15.386, 0, 0, -1.78, 0, 0, 0, 0.2, -0.1, -1.78, -0.0335, -0.0155, 0.0025, 
15.486, 0, 0, 0, 0, 0, -0.006, -0.02, 0.02, 0, 0.0155, 0.018, -0.006, 
15.586, 0, 0, 0, 0, 0, 0.013, -0.66, -0.02, -0.24, -0.0155, 0.036, 0.013, 
15.686, 0, 0, 0, 0, 0, 0, -0.14, -0.26, -0.18, 0.008, 0.0265, 0.0035, 
15.786, 1.6, 0, -0.82, 0, 0, -0.019, 1.6, -0.3, -0.82, -0.0085, -0.002, -0.019, 
15.886, 0, 0, 0, 0, 0, 0.0135, -0.32, -0.68, -0.48, -0.018, -0.004, 0.0135, 
15.986, 0, 0, 0, 0, 0, 0.007, 0.54, -0.26, 0.24, -0.0075, -0.006, 0.007, 
16.086, 0, 0, 0, 0, 0, 0.018, -0.24, 0.28, 0, -0.007, -0.014, 0.018, 
16.186, 0, 0, 0, 0, 0, 0, 0.12, 0.46, 0.2, 0.002, -0.0135, -0.0025, 
16.286, 0, 0, 0, 0, 0, 0.005, -0.04, -0.04, -0.16, -0.005, -0.001, 0.005, 
16.386, 0, 0, 0, 0, 0, 0, -0.06, -0.26, -0.02, -0.002, -0.0265, -0.004, 
16.486, 0, 0, 1.24, 0, 0, 0.008, 0.5, 0.32, 1.24, 0.036, -0.01, 0.008, 
16.586, 0, 0, 0, 0, 0, -0.0075, 0.02, 0.12, -0.18, -0.01, 0.004, -0.0075, 
16.686, 0, 0, 0, 0, 0, 0.01, -0.58, 0.2, 0.26, 0.0095, 0.026, 0.01, 
16.786, 0, 0, 0, 0, 0, 0, -0.72, 0.06, 0.04, 0.001, -0.0135, 0, 
16.886, 0, 0, 0, 0, 0, 0, -0.38, 0.06, -0.18, -0.0125, -0.014, 0, 
16.986, 0, 0, 0, 0, 0, 0, -0.44, -0.16, -0.2, -0.004, -0.006, 0.0005, 
17.086, 0, 0, 0, 0, 0, 0, -0.48, -0.28, 0.2, -0.0065, -0.01, 0.0015, 
17.186, 0, 0, 0, 0, 0, 0, -0.12, -0.02, 0.24, -0.0005, -0.0055, 0.0025, 
17.286, 0, 0, 0, 0, 0, 0, -0.36, -0.18, 0.42, -0.004, -0.0065, 0.0015, 
17.386, 0, 0, 0, 0, 0, 0, -0.66, -0.04, 0.24, -0.007, -0.0135, 0.0025, 
17.486, 0, 0, 0, 0, 0, 0.0075, -0.54, -0.08, 0, 0.0035, -0.0105, 0.0075, 
17.586, 0, 0, 0, 0, 0, 0.0065, -0.16, -0.16, 0.2, -0.003, -0.012, 0.0065, 
17.686, 0, 0, 0, 0, 0, 0, -0.52, 0.04, 0.34, 0.0035, 0.0055, -0.0005, 
17.786, 0, 0, 0, 0, 0, 0, -0.6, -0.28, 0.18, -0.0025, -0.0025, 0.001, 
17.886, 0, 0, 0, 0, 0, 0, -0.46, 0.1, 0.44, 0.0055, -0.003, 0.0015, 
17.986, 0, 0, 0, 0, 0, 0, -0.56, -0.04, 0.3, -0.003, -0.001, 0.0025, 
18.086, 0, 0, 0, 0, 0, 0, -0.62, -0.04, 0.44, -0.0035, -0.012, -0.002, 
18.186, 0, 0, 0, 0, 0, 0, -0.48, 0.18, 0.06, -0.008, -0.0145, -0.0035, 
18.286, -0.84, 0, 0, 0, 0, 0.007, -0.84, -0.54, 0.28, -0.014, -0.0025, 0.007, 
18.386, 0, 0, 0, 0, 0, 0.0055, -0.38, 0, 0.36, 0.0015, -0.01, 0.0055, 
18.486, -0.92, 0, 0, 0, 0, 0, -0.92, -0.18, 0.64, -0.007, -0.0155, 0, 
18.586, -0.82, 0, 0, 0, 0, 0, -0.82, -0.02, 0.34, -0.01, -0.0115, 0, 
18.686, 0, 0, 0, 0, 0, 0, -0.62, 0.28, 0.46, -0.0035, -0.018, -0.0005, 
18.786, 0, 0, 0, 0, 0, 0, -0.78, -0.14, 0.54, -0.0005, 0, 0.002, 
18.886, 0, 0, 0, 0, 0, 0, -0.64, 0, 0.58, -0.0015, -0.016, 0, 
18.986, -0.92, 0, 0, 0, 0, 0, -0.92, 0.2, 0.32, -0.0065, -0.016, -0.0035, 
19.086, 0, 0, 0, 0, 0, 0, -0.6, 0, 0.58, -0.006, -0.0135, 0.001, 
19.186, -0.96, 0, 0, 0, 0, 0, -0.96, 0, 0.64, 0.003, -0.0015, -0.0025, 
19.286, -0.98, 0, 0, 0, 0, 0, -0.98, -0.08, 0.4, -0.0115, -0.0195, -0.0005, 
19.386, -0.8, 0, 0, 0, 0, 0, -0.8, 0.26, 0.62, 0.0075, -0.0135, 0, 
19.486, 0, 0, 0, 0, 0, 0, -0.72, 0.04, 0.66, -0.011, -0.018, 0.0005, 
19.586, -0.84, 0, 0, 0, 0, 0, -0.84, 0, 0.6, -0.001, -0.0155, -0.001, 
19.686, 0, 0, 0, 0, 0, 0, -0.78, 0.14, 0.48, 0.0045, -0.0115, 0.004, 
19.786, -0.9, 0, 0, 0, 0, 0, -0.9, 0.24, 0.38, -0.0015, -0.0305, -0.002, 
19.886, -0.84, 0, 0.98, 0, 0, 0, -0.84, 0.28, 0.98, 0.0015, -0.0255, -0.001, 
19.986, 0, 0, 0.88, 0, 0, -0.0145, -0.56, 0.42, 0.88, 0.01, -0.005, -0.0145, 
20.086, 0, 0, 0, 0, 0, -0.008, -0.76, 0.26, 0.68, -0.0085, -0.0005, -0.008, 
20.186, -1.14, 0, 0, 0, -0.0755, 0, -1.14, 0.1, -0.26, 0.01, -0.0755, 0.003, 
20.286, -1, 0, 0, 0, -0.0935, -0.007, -1, 0.04, 0.1, 0.007, -0.0935, -0.007, 
20.386, -1.4, 0, 0, 0, -0.1185, -0.0115, -1.4, 0.16, -0.46, 0.003, -0.1185, -0.0115, 
20.486, -1.34, 0, 0, 0, -0.166, -0.014, -1.34, 0.38, -0.38, 0.013, -0.166, -0.014, 
20.586, -1.56, 0, 0, 0, -0.1915, -0.01, -1.56, 0.28, -0.68, 0.0145, -0.1915, -0.01, 
20.686, -1.66, 0, -1.12, 0, -0.205, -0.0185, -1.66, 0.38, -1.12, 0.0135, -0.205, -0.0185, 
20.786, -1.74, 0, -0.88, 0, -0.2195, -0.0095, -1.74, 0.38, -0.88, 0.0035, -0.2195, -0.0095, 
20.886, -1.46, 0.84, -1.06, 0, -0.2535, -0.0275, -1.46, 0.84, -1.06, 0.029, -0.2535, -0.0275, 
20.986, -1.56, 0, -1.6, 0, -0.2295, -0.0145, -1.56, 0.08, -1.6, 0.0185, -0.2295, -0.0145, 
21.086, 0, 0, 0, 0, -0.195, -0.0155, -0.7, 0.64, -0.74, 0.0165, -0.195, -0.0155, 
21.186, -1.22, 0, -1.2, 0, -0.1905, -0.0225, -1.22, 0.22, -1.2, 0.0235, -0.1905, -0.0225, 
21.286, -1.38, 0, 0, 0, -0.1745, -0.0235, -1.38, 0.58, -0.74, 0.0285, -0.1745, -0.0235, 
21.386, -0.86, 0, -0.88, 0, -0.1665, -0.0325, -0.86, 0.48, -0.88, 0.008, -0.1665, -0.0325, 
21.486, -1.22, 0, 0, 0, -0.145, -0.0185, -1.22, 0.14, -0.66, 0.0095, -0.145, -0.0185, 
21.586, 0, 0, 0, 0, -0.0855, -0.02, -0.18, 0.3, -0.28, 0.0145, -0.0855, -0.02, 
21.686, 0, 0, 0, 0, 0, 0, -0.78, 0, -0.14, -0.0055, -0.0385, -0.004, 
21.786, 0, 0, 0, 0, 0, -0.012, -0.34, 0.08, 0.38, 0, 0, -0.012, 
21.886, 0, 0, 0, 0, 0, -0.0055, -0.78, 0.06, 0.04, 0, 0.005, -0.0055, 
21.986, 0, 0, 0, 0, 0, 0.0055, -0.2, 0.52, 0.02, 0.01, -0.0125, 0.0055, 
22.086, 0, 0, 0.9, 0, 0, -0.005, -0.24, 0.06, 0.9, -0.002, 0.0005, -0.005, 
22.186, 0, 0, 0, 0, 0, -0.01, -0.24, -0.3, 0.36, -0.01, -0.012, -0.01, 
22.286, 0, 0, 0, 0, 0, 0, -0.16, 0.24, 0, 0, 0.0025, 0.0015, 
22.386, 0, 0, 0, 0, 0, 0.0055, 0.08, -0.66, 0.16, -0.002, -0.0085, 0.0055, 
22.486, 0, 0, 0, 0, 0, -0.0055, 0.12, -0.3, 0.26, -0.0115, -0.0035, -0.0055, 
22.586, 0, 0, 0, 0, 0, -0.0095, -0.3, 0, 0.36, -0.001, 0.002, -0.0095, 
22.686, 0, 0, 0, 0, 0, -0.008, -0.34, -0.46, 0.08, -0.0115, -0.003, -0.008, 
22.786, 0, 0, 0, 0, 0, -0.0055, 0, -0.3, -0.18, -0.0165, -0.0105, -0.0055, 
22.886, 0, 0, 0, 0, 0, 0.0075, -0.08, -0.26, -0.08, -0.0075, -0.002, 0.0075, 
22.986, 0, 0, 0, 0, 0, -0.0065, -0.06, -0.02, 0, 0.004, 0.027, -0.0065, 
23.086, 0, 0, 0, 0, 0, -0.0125, 0.36, 0.08, 0.18, 0, -0.0055, -0.0125, 
23.186, 0, 0, 0, 0, 0, 0, 0.08, 0.12, 0.18, 0.001, -0.002, -0.0025, 
23.286, 0, 0, 0, 0, 0, 0.005, 0.06, 0.2, 0.08, 0.004, 0.0025, 0.005, 
23.386, 0, 0, 0, 0, 0, 0, 0.44, -0.26, 0.02, -0.001, -0.007, 0.0015, 
23.486, 0, 0, 0, 0, 0, 0, 0.18, 0.04, -0.06, 0.001, -0.0025, 0, 
23.586, 0, 0, 0, 0, 0, 0, 0.1, 0.18, -0.3, -0.01, 0.007, 0.0015, 
23.686, 0, 0, 0, 0, 0, 0, -0.04, 0.42, 0.12, -0.006, 0.0055, -0.0035, 
23.786, 0, 0, 0, 0, 0, 0, 0.2, 0.08, -0.12, -0.0005, -0.0095, -0.004, 
23.886, 0, 0, 0, 0, 0, 0, 0.18, 0.12, -0.56, -0.0045, 0.009, -0.0015, 
23.986, 0, 0, 0, 0, 0, 0, 0.36, -0.06, 0.12, -0.013, -0.004, -0.001, 
24.086, 0, 0, 0, 0, 0, -0.0075, 0, 0, -0.32, -0.007, 0.0035, -0.0075, 
24.186, 0, 0, 0, 0, 0, 0, 0.3, 0.02, -0.24, 0, 0.009, -0.0005, 
24.286, 0, 0, 0, 0, 0, 0, 0.24, -0.52, -0.04, -0.0025, 0.0025, -0.003, 
24.386, 0, 0, 0, 0, 0, 0, 0.3, -0.06, 0, -0.005, -0.009, 0.004, 
24.486, 0, 0, 0, 0, 0, 0, 0.16, -0.34, -0.36, -0.007, 0.002, -0.0005, 
24.586, 0, 0, 0, 0, 0, -0.013, 0.24, 0.36, -0.3, 0, 0.004, -0.013, 
24.686, 0.86, 0, -1.64, 0.117, 0, 0.075, 0.86, 0.14, -1.64, 0.117, 0.023, 0.075, 
24.786, 0, 0, -1.32, 0.1015, 0, 0.0515, 0.58, 0.2, -1.32, 0.1015, 0.024, 0.0515, 
24.886, 0, 0, -1.48, 0.0915, 0, 0.041, 0.76, 0.18, -1.48, 0.0915, 0.017, 0.041, 
24.986, 0.9, 0, -1.48, 0.1265, 0, 0.048, 0.9, 0.26, -1.48, 0.1265, 0.0215, 0.048, 
25.086, 0, 0, -1.5, 0.1005, 0, 0.0325, 0.42, 0.08, -1.5, 0.1005, 0.0195, 0.0325, 
25.186, 0, 0, 0, 0, 0, 0.01, 0.46, 0.32, -0.5, 0.039, 0.01, 0.01, 
25.286, 0, 0, 0, 0, 0, 0.0065, 0.06, -0.68, -0.52, -0.0075, -0.006, 0.0065, 
25.386, 0, 0, 0, 0, 0, 0, 0.6, 0, -0.64, -0.008, -0.0015, 0.001, 
25.486, 0, 0, 0, 0, 0, 0, 0, 0.24, -0.58, -0.0095, 0.005, -0.0025, 
25.586, 0, 0, 0, 0, 0, 0, 0.16, -0.2, -0.32, -0.005, 0, 0.0015, 
25.686, 1, 0.82, -1.6, 0, -0.1745, -0.023, 1, 0.82, -1.6, 0.012, -0.1745, -0.023, 
25.786, 1.84, 1.02, -3.68, 0, -0.388, -0.0375, 1.84, 1.02, -3.68, 0.0205, -0.388, -0.0375, 
25.886, 2.16, 0.9, -2.46, 0, -0.317, -0.0075, 2.16, 0.9, -2.46, 0.018, -0.317, -0.0075, 
25.986, 1.68, 0, -2.46, 0, -0.3275, -0.02, 1.68, 0.6, -2.46, 0.0255, -0.3275, -0.02, 
26.086, 0, 0, -2.24, 0, -0.216, -0.008, 0.72, 0.2, -2.24, 0.011, -0.216, -0.008, 
26.186, 0.8, 0, 0, 0, 0, 0.0135, 0.8, -0.18, 0.16, 0.013, 0.0435, 0.0135, 
26.286, 0, 0, -0.82, 0, 0, 0.006, 0.2, 0, -0.82, 0.006, -0.0075, 0.006, 
26.386, 0, 0, 0, 0, 0, 0, 0.16, -0.18, -0.44, -0.0015, -0.0005, -0.0015, 
26.486, 0, 0, 0, 0, 0, 0, 0.1, -0.08, -0.56, -0.0075, -0.022, -0.0005, 
26.586, 0, 0, 0, 0, 0, -0.0075, 0.32, 0.1, -0.56, -0.007, -0.003, -0.0075, 
26.686, 0, 0, 0, 0, 0, 0, 0.26, 0.16, -0.74, -0.011, -0.0015, -0.0045, 
26.786, 0, 0, -1.18, 0, 0, 0, 0.34, 0.1, -1.18, 0.001, 0.014, 0.0025, 
26.886, 0, 0, -1.36, 0, 0, -0.0125, 0.12, 0.12, -1.36, -0.006, 0.0165, -0.0125, 
26.986, 0, 0, -1.14, 0, 0, 0, 0.7, 0.16, -1.14, -0.001, 0.0115, -0.001, 
27.086, 0, 0, 0, 0, 0, -0.006, 0.22, 0.04, -0.68, -0.0015, 0.0075, -0.006, 
27.186, 0, 0, -1.42, 0, 0, 0, 0.32, 0.12, -1.42, 0.0015, 0.0055, 0.004, 
27.286, 0, 0, -0.82, 0, 0, 0, 0.4, -0.02, -0.82, -0.003, 0.0035, 0.004, 
27.386, 0, 0, -1.12, 0, 0, 0, 0.44, -0.06, -1.12, -0.0085, 0.0185, 0.003, 
27.486, 0, 0, -1.08, 0, 0, 0.009, 0.38, 0.2, -1.08, -0.0005, 0.0325, 0.009, 
27.586, 0, 0, -1.02, 0, 0, 0, 0.46, 0.36, -1.02, 0.002, 0.0115, 0.003, 
27.686, 0, 0, -1.02, 0, 0, 0, 0.3, -0.06, -1.02, -0.0025, 0.0115, -0.004, 
27.786, 0, 0, -1.28, 0, 0, 0, 0.08, -0.02, -1.28, -0.013, 0.001, -0.0045, 
27.886, 0, 0, -1.04, 0, 0, 0, 0.26, 0, -1.04, 0.002, 0.007, -0.0015, 
27.986, 0, 0, 0, 0, 0, 0, 0.06, -0.06, -0.78, -0.014, 0.015, -0.001, 
28.086, 0, 0, -1.02, 0, 0, 0, 0, 0, -1.02, -0.008, 0.002, 0.0025, 
28.186, 0, 0, -1.48, 0, 0, -0.0145, 0.4, -0.1, -1.48, 0.004, 0.0315, -0.0145, 
28.286, 0, 0, -1.48, 0, 0, -0.0145, 0.32, 0.1, -1.48, 0.004, 0.0175, -0.0145, 
28.386, 0, 0, -0.86, 0, 0, 0, 0.24, 0.04, -0.86, 0.0045, 0.003, 0, 
28.486, 0, 0, -1.36, 0, 0, 0, 0.16, 0.02, -1.36, -0.002, 0.0125, 0, 
28.586, 0, 0, -1.7, 0, 0, -0.0275, 0.18, -0.3, -1.7, -0.006, 0.0345, -0.0275, 
28.686, 0, -1.58, -2.14, 0, 0.067, -0.147, 0.08, -1.58, -2.14, 0.0205, 0.067, -0.147, 
28.786, 0, -3.44, -3.24, 0.0715, 0.1535, -0.2865, -0.38, -3.44, -3.24, 0.0715, 0.1535, -0.2865, 
28.886, -0.82, -4.58, -3, 0.078, 0.142, -0.408, -0.82, -4.58, -3, 0.078, 0.142, -0.408, 
28.986, 0, -4.82, -2.26, 0.0985, 0.131, -0.441, -0.6, -4.82, -2.26, 0.0985, 0.131, -0.441, 
29.086, 0, -4.48, -1.9, 0.0745, 0.1015, -0.388, -0.44, -4.48, -1.9, 0.0745, 0.1015, -0.388, 
29.186, 0, -3.72, -3.24, 0.053, 0.1865, -0.3015, -0.24, -3.72, -3.24, 0.053, 0.1865, -0.3015, 
29.286, 0, -3.44, -2.82, 0.059, 0.1795, -0.315, 0.3, -3.44, -2.82, 0.059, 0.1795, -0.315, 
29.386, 0, -3.22, -2.46, 0.053, 0.1505, -0.309, 0.32, -3.22, -2.46, 0.053, 0.1505, -0.309, 
29.486, 0, -3.14, -1.32, 0.0515, 0.0755, -0.313, 0.38, -3.14, -1.32, 0.0515, 0.0755, -0.313, 
29.586, 0, -3.04, -1.92, 0.0585, 0.059, -0.288, 0.64, -3.04, -1.92, 0.0585, 0.059, -0.288, 
29.686, 0.84, -2.84, -1.48, 0.0575, 0.0595, -0.263, 0.84, -2.84, -1.48, 0.0575, 0.0595, -0.263, 
29.786, 0.84, -2.42, -3.2, 0, 0.1595, -0.192, 0.84, -2.42, -3.2, 0.0475, 0.1595, -0.192, 
29.886, 1.3, -3, -3.02, 0, 0.1645, -0.213, 1.3, -3, -3.02, 0.0465, 0.1645, -0.213, 
29.986, 1.74, -3.26, -2.7, 0, 0.1775, -0.24, 1.74, -3.26, -2.7, 0.047, 0.1775, -0.24, 
30.086, 2.08, -2, -4.52, 0, 0.3725, -0.1535, 2.08, -2, -4.52, 0.04, 0.3725, -0.1535, 
30.186, 1.84, -2.06, -6.9, 0, 0.5545, -0.1005, 1.84, -2.06, -6.9, 0.0275, 0.5545, -0.1005, 
30.286, 1.4, -3.44, -5.88, 0, 0.3695, -0.222, 1.4, -3.44, -5.88, 0.042, 0.3695, -0.222, 
30.386, 2.04, -3.14, -5.9, 0, 0.5115, -0.17, 2.04, -3.14, -5.9, 0.037, 0.5115, -0.17, 
30.486, 1.7, -2.78, -3.92, 0, 0.3055, -0.195, 1.7, -2.78, -3.92, 0.043, 0.3055, -0.195, 
30.586, 0.94, 0, 0, 0, 0, -0.015, 0.94, -0.08, -0.12, 0.0085, 0.017, -0.015, 
30.686, 0.84, 0, -0.88, 0, 0, 0, 0.84, 0.2, -0.88, -0.014, -0.023, 0, 
30.786, 0.82, 0, 0, 0, 0, -0.0145, 0.82, -0.46, -0.08, -0.0235, -0.0185, -0.0145, 
30.886, 0, 0, 0, 0, 0, -0.0085, -0.02, 0.26, 0, -0.0095, 0.01, -0.0085, 
30.986, 0, 0, 1.34, 0, 0, -0.017, 0.12, -0.04, 1.34, -0.009, 0, -0.017, 
31.086, 0, 0, 0, 0, 0, 0, 0.74, 0.08, -0.32, 0.0055, -0.0125, -0.003, 
31.186, 0, 0, 0, 0, 0, -0.024, 0.78, -0.28, 0.36, -0.008, -0.0225, -0.024, 
31.286, 0, 0, 0, 0, 0, 0.0125, -0.22, 0.04, -0.44, -0.0095, -0.021, 0.0125, 
31.386, 0, 0, 0, 0, 0, -0.016, -0.2, -0.32, 0.06, -0.006, 0.017, -0.016, 
31.486, 0, 0, 0, 0, 0, 0.0215, 0.08, -0.2, -0.2, -0.011, -0.0115, 0.0215, 
31.586, 0, 0, 0, 0, 0, 0, 0.3, -0.48, -0.42, -0.0155, 0.002, 0.0015, 
31.686, 0, 0, 0, 0, 0, 0.008, -0.18, 0.18, 0.12, 0.0045, -0.032, 0.008, 
31.786, 0, 0, 0, 0, 0, 0.009, 0.44, 0.56, -0.24, -0.023, 0, 0.009, 
31.886, 0, 0, 0, 0, 0, 0, -0.36, -0.06, 0, -0.018, 0.0075, 0.0005, 
31.986, 0, 0, 0, 0, 0, 0, 0.3, -0.52, 0.32, -0.0265, -0.017, 0.0045, 
32.086, 0, 0, 0, 0, 0, 0, -0.02, 0.1, -0.02, -0.01, -0.0095, 0, 
32.186, 0, 0, 0, 0, 0, 0, -0.44, -0.22, -0.1, -0.0105, -0.0165, 0, 
32.286, 0, 0, 0, 0, 0, 0, -0.36, 0, -0.14, -0.0095, 0.012, 0.0015, 
32.386, 0, 0, 0, 0, 0, -0.0055, -0.16, -0.02, 0.26, -0.011, -0.014, -0.0055, 
32.486, 0, 0, 0, 0, 0, 0, -0.36, -0.06, 0.26, -0.0095, -0.0055, -0.003, 
32.586, 0, 0, 0, 0, 0, 0, -0.28, -0.02, 0.48, -0.0095, -0.0185, -0.001, 
32.686, 0, 0, 0, 0, 0, 0, -0.32, -0.08, 0.62, -0.0085, 0.0005, -0.0045, 
32.786, 0, 0, 0, 0, 0, -0.008, -0.16, 0.14, 0.62, -0.0015, -0.016, -0.008, 
32.886, 0, 0, 0, 0, 0, 0, -0.38, -0.24, 0.72, -0.011, -0.014, -0.0015, 
32.986, 0, 0, 0, 0, 0, 0, -0.08, 0.18, 0.34, -0.0015, -0.005, 0, 
33.086, 0, 0, 0, 0, 0, 0, -0.12, -0.16, 0.48, -0.011, -0.0205, 0.001, 
33.186, 0, 0, 0, 0, 0, 0, 0.04, -0.28, 0.68, -0.015, -0.0245, 0.002, 
33.286, -0.8, 0, 0, 0, 0, 0, -0.8, -0.06, 0.54, -0.0105, -0.008, -0.0025, 
33.386, 0, 0, 0, 0, -0.062, -0.023, -0.3, 0.56, 0.46, 0.0025, -0.062, -0.023, 
33.486, 0, 0, 0, 0, 0, -0.019, -0.7, 0.32, 0.28, -0.006, -0.03, -0.019, 
33.586, 0, 0, 0, 0, 0, 0, -0.66, -0.12, 0.38, -0.003, -0.021, 0.0005, 
33.686, 0, 0, 0, 0, 0, 0, -0.6, 0, 0.26, -0.0025, -0.018, 0, 
33.786, 0, 0, 0, 0, -0.099, -0.023, -0.52, 0.34, 0.34, 0.007, -0.099, -0.023, 
33.886, 0, 0, 0, 0, -0.131, -0.0135, -0.5, 0.06, -0.18, 0.003, -0.131, -0.0135, 
33.986, 0, 0, 0, 0, -0.1545, -0.03, -0.58, 0.64, -0.3, -0.001, -0.1545, -0.03, 
34.086, 0, 0, 0, 0, -0.1505, -0.03, -0.7, 0.78, -0.52, 0.0215, -0.1505, -0.03, 
34.186, 0, 0, -1.02, 0, -0.193, -0.0315, -0.56, 0.4, -1.02, 0.0065, -0.193, -0.0315, 
34.286, 0, 0, 0, 0, -0.1995, -0.042, -0.76, 0.4, -0.74, -0.0055, -0.1995, -0.042, 
34.386, -0.92, 0, 0, 0, -0.1945, -0.0215, -0.92, 0.54, -0.76, 0.0165, -0.1945, -0.0215, 
34.486, -0.92, 0, 0, 0, -0.1755, -0.0265, -0.92, 0.5, -0.32, 0.0235, -0.1755, -0.0265, 
34.586, 0, 0, 0, 0, -0.174, -0.0265, -0.46, 0.5, -0.6, 0.008, -0.174, -0.0265, 
34.686, 0, 0, 0, 0, -0.119, -0.0365, -0.54, 0.46, 0, 0.0075, -0.119, -0.0365, 
34.786, 0, 0, 0, 0, -0.1155, -0.0295, -0.52, 0.16, -0.48, -0.0125, -0.1155, -0.0295, 
34.886, 0, 0, 0, 0, -0.0565, -0.0115, -0.5, 0.34, -0.04, 0.0075, -0.0565, -0.0115, 
34.986, 0, 0, 0, 0, -0.0715, -0.0175, 0.28, -0.24, -0.18, -0.018, -0.0715, -0.0175, 
35.086, 1.58, 0, 0, 0, 0, -0.0435, 1.58, 0.26, 0.68, -0.0035, 0.029, -0.0435, 
35.186, 1.92, 0, 1.42, 0, 0.129, 0.011, 1.92, -0.36, 1.42, -0.0105, 0.129, 0.011, 
35.286, 2.66, 0, 1.54, 0, 0.212, 0.039, 2.66, -0.48, 1.54, -0.0125, 0.212, 0.039, 
35.386, 3.08, 0, 1.14, 0, 0.1695, 0.0345, 3.08, -0.56, 1.14, -0.029, 0.1695, 0.0345, 
35.486, 2.54, 0, 1.12, 0, 0.148, 0, 2.54, -0.1, 1.12, -0.021, 0.148, -0.004, 
35.586, 2.28, 0, 0, 0, 0, -0.0395, 2.28, 0.28, 0.32, -0.013, 0.016, -0.0395, 
35.686, 2.78, 1.22, 0, 0, -0.0595, -0.0815, 2.78, 1.22, 0.08, -0.003, -0.0595, -0.0815, 
35.786, 2.78, 1.8, 0, 0, -0.1045, -0.1785, 2.78, 1.8, -0.6, -0.0085, -0.1045, -0.1785, 
35.886, 2.36, 1.22, 0, 0, -0.0875, -0.1425, 2.36, 1.22, -0.34, -0.0055, -0.0875, -0.1425, 
35.986, 1.46, 1.36, 0, 0, -0.0745, -0.1255, 1.46, 1.36, -0.16, 0.0015, -0.0745, -0.1255, 
36.086, 1.84, 1.2, 0, 0, -0.07, -0.11, 1.84, 1.2, -0.3, -0.0015, -0.07, -0.11, 
36.186, 1.72, 1.26, 0, 0, 0, -0.107, 1.72, 1.26, 0.32, 0.004, -0.0225, -0.107, 
36.286, 1.06, 0.94, 0, 0, 0, -0.102, 1.06, 0.94, 0.1, -0.0015, -0.0325, -0.102, 
36.386, 1.12, 0, 0, 0, 0, -0.088, 1.12, 0.68, 0.28, -0.004, -0.0075, -0.088, 
36.486, 1.22, 0.88, 0, 0, 0, -0.096, 1.22, 0.88, 0.34, 0.0005, 0.0315, -0.096, 
36.586, 1.06, 0.96, 0, 0, 0, -0.0895, 1.06, 0.96, 0.3, -0.004, 0.0035, -0.0895, 
36.686, 1.2, 0.88, 0, 0, 0, -0.0945, 1.2, 0.88, 0.28, -0.011, 0, -0.0945, 
36.786, 1.06, 0, 0, 0, 0, -0.101, 1.06, 0.5, 0.64, -0.016, 0.0015, -0.101, 
36.886, 1.26, 0, 0, 0, 0, -0.111, 1.26, 0.58, 0.4, -0.0275, 0.031, -0.111, 
36.986, 1.36, 1.4, 0, 0, 0, -0.142, 1.36, 1.4, 0.24, -0.012, 0.002, -0.142, 
37.086, 1.4, 1.54, 0, 0, -0.0595, -0.1695, 1.4, 1.54, -0.26, -0.0165, -0.0595, -0.1695, 
37.186, 1.4, 1.98, 0, 0, -0.129, -0.212, 1.4, 1.98, -0.64, -0.0065, -0.129, -0.212, 
37.286, 1.4, 1.94, 0, 0, -0.1245, -0.1885, 1.4, 1.94, -0.64, -0.002, -0.1245, -0.1885, 
37.386, 1.28, 1.58, 0, 0, -0.115, -0.156, 1.28, 1.58, -0.48, 0.0005, -0.115, -0.156, 
37.486, 0.8, 1.12, 0, 0, -0.141, -0.127, 0.8, 1.12, -0.78, -0.0035, -0.141, -0.127, 
37.586, 0, 0.84, -0.9, 0, -0.149, -0.06, -0.02, 0.84, -0.9, 0.0075, -0.149, -0.06, 
37.686, 0, 0, 0, 0, 0, -0.0265, 0.16, 0.14, -0.24, -0.008, -0.034, -0.0265, 
37.786, 0, 0, 0, 0, 0, -0.0105, -0.04, 0.08, 0.5, -0.0065, 0.0115, -0.0105, 
37.886, 0, 0, 0, 0, 0, 0, -0.04, -0.1, -0.14, -0.004, -0.013, -0.0015, 
37.986, 0, 0, 0, 0, 0, 0, -0.28, -0.1, -0.36, -0.019, 0.008, 0.0005, 
38.086, 0, 0, 0, 0, 0, 0.007, 0.04, 0, 0.18, -0.007, 0.001, 0.007, 
38.186, 0, 0, 0, 0, 0, 0, -0.1, -0.26, 0.26, -0.0145, 0.0065, 0.0035, 
38.286, 0, 0, 0, 0, 0, -0.005, 0.22, 0.24, -0.42, -0.002, 0.004, -0.005, 
38.386, 0, 0, 0, 0, 0, -0.0065, 0.26, -0.02, -0.04, -0.009, -0.0055, -0.0065, 
38.486, 0, 0, 0, 0, 0, 0, -0.06, -0.1, -0.2, -0.0095, -0.0055, 0.004, 
38.586, 0, 0, 0, 0, 0, 0, 0.26, -0.14, -0.12, -0.005, -0.006, 0.001, 
38.686, 0, 0, 0, 0, 0, -0.0065, 0.4, 0.06, 0.26, 0.001, -0.0035, -0.0065, 
38.786, 0, 0, 0, 0, 0, 0, 0.22, 0.02, -0.18, -0.0155, 0.005, -0.0035, 
38.886, 0, 0, 0, 0, 0, 0, 0.1, 0.1, -0.12, -0.011, -0.001, -0.0005, 
38.986, 0, 0, 0, 0, 0, 0, 0.28, 0.04, -0.32, -0.0005, -0.008, 0.0015, 
39.086, 0, 0, 0, 0, 0, 0, 0.46, 0.14, 0, -0.012, 0.002, 0, 
39.186, 0, 0, 0, 0, 0, 0, 0.08, 0.1, -0.4, -0.003, 0.002, -0.0025, 
39.286, 0, 0, 0, 0, 0, 0, 0.14, 0.04, -0.18, -0.0015, -0.005, 0, 
39.386, 0, 0, 0, 0, 0, 0, 0.36, 0.04, 0.12, -0.0085, -0.0085, -0.002, 
39.486, 0, 0, 0, 0, 0, 0.019, 0.54, -0.18, -0.68, 0.0035, -0.004, 0.019, 
39.586, 0, 0, 0, 0, 0, 0, 0.22, -0.1, -0.22, -0.0035, -0.0065, -0.0045, 
39.686, 0, 0, 0, 0, 0, -0.018, 0, -0.04, -0.16, 0.001, -0.0085, -0.018, 
39.786, 0, 0, 0, 0, 0, -0.0335, 0.02, 0.08, -0.02, -0.0075, -0.0475, -0.0335, 
39.886, 0, 0, 0, 0, -0.057, -0.0535, -0.12, 0.12, 0.02, -0.0075, -0.057, -0.0535, 
39.986, 0, 0, 0, 0, -0.058, -0.083, -0.68, -0.26, 0.1, -0.037, -0.058, -0.083, 
40.086, 0, 0, 0, 0, -0.053, -0.081, -0.44, -0.1, -0.08, -0.0165, -0.053, -0.081, 
40.186, 0, 0, 0, 0, -0.0575, -0.0605, -0.24, 0.04, 0.12, 0.001, -0.0575, -0.0605, 
40.286, 0, 0, 0, 0, -0.053, -0.0565, -0.44, -0.44, 0.14, -0.015, -0.053, -0.0565, 
40.386, 0, 0, 0, 0, -0.0565, -0.0565, -0.4, -0.46, -0.1, -0.0155, -0.0565, -0.0565, 
40.486, 0, 0, 0, 0, -0.064, -0.058, -0.34, -0.12, 0.06, -0.0305, -0.064, -0.058, 
40.586, 0, 0, 0, 0, 0, -0.0635, -0.36, 0.04, -0.16, -0.01, -0.049, -0.0635, 
40.686, 0, 0, 0, 0, 0, -0.047, -0.74, -0.18, -0.08, -0.038, -0.049, -0.047, 
40.786, 0, 0, 0, 0, 0, -0.0545, -0.5, -0.3, 0.38, -0.04, -0.0375, -0.0545, 
40.886, 0, 0, 0, 0, 0, -0.065, -0.26, -0.18, 0.3, -0.0245, -0.043, -0.065, 
40.986, 0, 0, 0, 0, -0.054, -0.063, -0.34, -0.3, -0.36, -0.0445, -0.054, -0.063, 
41.086, 0, 0, 0, 0, -0.056, -0.081, -0.54, -0.34, 0.28, -0.0335, -0.056, -0.081, 
41.186, 0, 0, 0, 0, -0.072, -0.0615, -0.76, -0.5, -0.14, -0.0255, -0.072, -0.0615, 
41.286, 0, 0, 0, 0, -0.062, -0.07, -0.68, -0.64, 0.16, -0.038, -0.062, -0.07, 
41.386, 0, 0, 0, 0, -0.051, -0.0545, -0.5, -0.02, -0.48, 0.01, -0.051, -0.0545, 
41.486, 0, 0, 0, 0, -0.0525, -0.052, -0.72, -0.36, -0.28, -0.0125, -0.0525, -0.052, 
41.586, 0, 0, 0, 0, -0.0635, -0.0645, 0, 0.02, 0.04, -0.0105, -0.0635, -0.0645, 
41.686, 0, 0, 0, 0, -0.05, -0.0455, 0.12, -0.52, 0, -0.0405, -0.05, -0.0455, 
41.786, 0, 0, 0, 0, 0, -0.0325, -0.42, -0.36, 0.08, -0.0395, -0.0325, -0.0325, 
41.886, 0, 0, 0, 0, 0, -0.031, -0.32, -0.34, -0.02, -0.037, -0.0395, -0.031, 
41.986, 0, 0, 0, 0, 0, -0.0465, -0.24, -0.12, 0.28, -0.0365, -0.0465, -0.0465, 
42.086, 0, 0, 0, 0, 0, -0.034, -0.22, -0.66, -0.02, -0.048, -0.044, -0.034, 
42.186, 0, 0, 0, 0, -0.06, -0.054, -0.56, -0.62, -0.24, -0.02, -0.06, -0.054, 
42.286, 0, 0, 0, 0, -0.065, -0.0555, -0.58, -0.24, -0.04, -0.031, -0.065, -0.0555, 
42.386, 0, 0, 0, 0, -0.0785, -0.066, -0.58, -0.24, -0.38, -0.0175, -0.0785, -0.066, 
42.486, 0, 0, 0, 0, -0.077, -0.065, -0.44, -0.2, -0.3, 0.0115, -0.077, -0.065, 
42.586, 0, 0, -1.06, 0, -0.075, -0.055, -0.44, -0.54, -1.06, 0.0255, -0.075, -0.055, 
42.686, 0, 0, -1, 0, -0.0655, -0.0505, -0.24, -0.02, -1, 0.0465, -0.0655, -0.0505, 
42.786, 0, 0, -0.86, 0, 0, -0.0295, -0.02, -0.12, -0.86, 0.023, -0.0315, -0.0295, 
42.886, 0, 0, 0, 0, 0, -0.0185, 0.18, -0.32, -0.76, 0.0135, -0.011, -0.0185, 
42.986, 0, 0, -0.96, 0, 0, -0.0115, 0.36, 0, -0.96, -0.0105, -0.006, -0.0115, 
43.086, 0, 0, -0.88, 0, 0, 0, 0.38, -0.28, -0.88, -0.0145, 0, 0.004, 
43.186, 0, 0, -1.2, 0, 0, -0.006, 0.42, -0.2, -1.2, -0.011, -0.005, -0.006, 
43.286, 0, 0, 0, 0, 0, -0.0055, 0.4, 0.12, -0.7, -0.0065, 0.0095, -0.0055, 
43.386, 0, 0, -0.84, 0, 0, 0, 0.38, 0, -0.84, -0.0145, -0.016, 0, 
43.486, 0, 0, -0.96, 0, 0, 0, 0.58, 0.16, -0.96, -0.008, -0.002, 0.0015, 
43.586, 0, 0, 0, 0, 0, -0.0085, 0.44, -0.04, -0.62, -0.0045, -0.005, -0.0085, 
43.686, 0, 0, -1, 0, 0, 0, 0.18, -0.12, -1, -0.0145, 0.005, -0.0025, 
43.786, 0, 0, -1.08, 0, 0, -0.0155, 0.42, 0.16, -1.08, 0.029, 0.001, -0.0155, 
43.886, 0, 0, -1.6, 0, 0, 0, 0.46, 0.16, -1.6, 0.0435, 0.002, 0.0025, 
43.986, 0, 0, -1.4, 0, 0.0675, 0.0135, 0.46, -0.08, -1.4, 0.024, 0.0675, 0.0135, 
44.086, 0, 0, -1.34, 0, 0.1365, 0.0125, 0.74, -0.54, -1.34, 0.0085, 0.1365, 0.0125, 
44.186, 0, 0, -1.12, 0, 0.203, 0.0095, 0.44, -0.38, -1.12, 0.0145, 0.203, 0.0095, 
44.286, 0, -1.06, -1.7, 0, 0.222, 0.014, 0.54, -1.06, -1.7, 0.0215, 0.222, 0.014, 
44.386, 0, 0, -1.78, 0, 0.259, 0.009, 0.58, -0.6, -1.78, 0.0205, 0.259, 0.009, 
44.486, 0, 0, -2.16, 0, 0.2845, 0.0285, 0.48, -0.6, -2.16, 0.0255, 0.2845, 0.0285, 
44.586, 0.92, 0, -1.56, 0, 0.2685, 0.0185, 0.92, -0.68, -1.56, -0.0005, 0.2685, 0.0185, 
44.686, 0, -0.9, -0.9, 0, 0.2535, 0.0265, 0.7, -0.9, -0.9, 0.008, 0.2535, 0.0265, 
44.786, 0, -0.82, -1.38, 0, 0.2445, 0.013, 0.54, -0.82, -1.38, 0.0125, 0.2445, 0.013, 
44.886, 0, -0.84, -1.96, 0, 0.2755, 0, 0.26, -0.84, -1.96, 0.042, 0.2755, -0.001, 
44.986, 0, -0.9, -1.32, 0, 0.282, 0, 0.7, -0.9, -1.32, -0.0115, 0.282, 0.002, 
45.086, 1.3, -1.52, 0, 0, 0.281, 0.0125, 1.3, -1.52, -0.56, -0.0485, 0.281, 0.0125, 
45.186, 0.8, -1.08, -1.7, 0, 0.209, 0, 0.8, -1.08, -1.7, 0.045, 0.209, 0, 
45.286, 0, 0, -1.88, 0.117, 0.1895, -0.0155, 0.42, -0.54, -1.88, 0.117, 0.1895, -0.0155, 
45.386, 0, 0, -2.32, 0.09, 0.0955, -0.009, -0.16, -0.24, -2.32, 0.09, 0.0955, -0.009, 
45.486, 0, 0, -2.12, 0.125, 0, 0, 0.36, -0.16, -2.12, 0.125, 0.017, -0.0005, 
45.586, 0, 0, -1.6, 0.1145, 0, 0, 0.32, 0.04, -1.6, 0.1145, 0.0115, -0.001, 
45.686, 0, 0, 0, 0.0775, 0, -0.0155, 0.42, -0.22, -0.02, 0.0775, -0.029, -0.0155, 
45.786, 0, 0, 0, 0, 0, -0.006, 0.34, -0.1, 0.32, -0.0055, -0.0075, -0.006, 
45.886, 0, 0, 0, 0, 0, 0, 0.22, 0.08, -0.38, -0.001, -0.0075, -0.0025, 
45.986, 0, 2.26, 0, 0, 0, -0.0955, 0.18, 2.26, -0.68, -0.0165, -0.023, -0.0955, 
46.086, 0, 8.52, -2.76, 0.211, 0, 0.0755, 0.62, 8.52, -2.76, 0.211, 0.037, 0.0755, 
46.186, 0, 13.02, -2.94, 0.2005, 0, 0.0585, 0.38, 13.02, -2.94, 0.2005, 0.0155, 0.0585, 
46.286, 0, 17.04, -3.02, 0.185, 0, 0.0555, 0.3, 17.04, -3.02, 0.185, 0.0155, 0.0555, 
46.386, 1.64, 23.5, -2.86, 0.1595, 0, 0.172, 1.64, 23.5, -2.86, 0.1595, 0.0255, 0.172, 
46.486, 1.92, 25.62, -1.26, -0.123, 0, 0.2585, 1.92, 25.62, -1.26, -0.123, 0.028, 0.2585, 
46.586, 2.56, 27.16, -1.38, -0.0775, 0.0635, 0.373, 2.56, 27.16, -1.38, -0.0775, 0.0635, 0.373, 
46.686, 2.9, 26.58, 0, -0.3195, 0, 0.3675, 2.9, 26.58, 0.22, -0.3195, -0.024, 0.3675, 
46.786, 2.5, 26.68, 0, -0.323, 0, 0.2995, 2.5, 26.68, 0.46, -0.323, 0.002, 0.2995, 
46.886, 2.14, 26.02, 0.82, -0.35, 0, 0.2065, 2.14, 26.02, 0.82, -0.35, -0.0335, 0.2065, 
46.986, 1.56, 26.48, 0, -0.187, 0, 0.242, 1.56, 26.48, -0.4, -0.187, -0.004, 0.242, 
47.086, 2.38, 26.86, -0.92, -0.112, 0, 0.273, 2.38, 26.86, -0.92, -0.112, -0.0075, 0.273, 
47.186, 1.6, 26.94, -1.1, -0.0755, 0, 0.2545, 1.6, 26.94, -1.1, -0.0755, -0.013, 0.2545, 
47.286, 0, 27.5, -1.22, 0, 0, 0.165, 0.72, 27.5, -1.22, -0.035, -0.02, 0.165, 
47.386, 1.78, 27.24, -2.12, 0, 0, 0.3, 1.78, 27.24, -2.12, 0.025, 0.008, 0.3, 
47.486, 0.84, 27.38, -2.4, 0.072, 0, 0.232, 0.84, 27.38, -2.4, 0.072, -0.0205, 0.232, 
47.586, 1.4, 28.16, -1.82, 0, 0, 0.2115, 1.4, 28.16, -1.82, -0.039, -0.0185, 0.2115, 
47.686, 1.92, 28.76, -1.86, 0, 0, 0.301, 1.92, 28.76, -1.86, -0.0035, -0.009, 0.301, 
47.786, 1.54, 29.72, -1.74, -0.056, 0, 0.2765, 1.54, 29.72, -1.74, -0.056, -0.0085, 0.2765, 
47.886, 2.18, 29.92, -2.24, 0, 0, 0.3285, 2.18, 29.92, -2.24, 0.0105, -0.0055, 0.3285, 
47.986, 1.84, 31.28, -2, 0, 0, 0.305, 1.84, 31.28, -2, -0.0255, -0.0155, 0.305, 
48.086, 0.8, 28.52, -1.38, -0.108, 0, 0.1305, 0.8, 28.52, -1.38, -0.108, -0.0465, 0.1305, 
48.186, 0, 16.46, -1.58, 0, 0, 0.03, -0.24, 16.46, -1.58, 0.0115, -0.0405, 0.03, 
48.286, 0, 6.04, 1.2, -0.13, 0, -0.0445, -0.66, 6.04, 1.2, -0.13, -0.043, -0.0445, 
48.386, 0, 0.86, 0.94, 0, 0, -0.046, -0.32, 0.86, 0.94, -0.04, -0.0305, -0.046, 
48.486, 0, 0, 0, 0, 0, -0.0055, -0.22, 0.02, 0.26, -0.025, -0.0275, -0.0055, 
48.586, 0, 0, 0, 0, 0, 0, -0.4, -0.12, 0.58, -0.013, -0.012, -0.004, 
48.686, 0, 0, 0, 0, 0, 0, -0.6, -0.12, 0.68, -0.0135, -0.019, -0.003, 
48.786, 0, 0, 0, 0, 0, 0, -0.54, -0.12, 0.24, -0.033, -0.027, -0.0025, 
48.886, 0, 0, 0, 0, 0, 0, -0.26, 0.02, 0.52, -0.015, -0.025, -0.0035, 
48.986, 0, 0, 0.94, 0, 0, 0, -0.44, -0.2, 0.94, -0.018, -0.0325, 0.003, 
49.086, 0, 0, 0, 0, 0, 0, -0.44, -0.2, 0.32, -0.0165, -0.0275, 0.003, 
49.186, 0, 0, 0, 0, 0, -0.007, -0.5, 0.18, 0.06, -0.018, -0.0325, -0.007, 
49.286, 0, 0, 0, 0, 0, -0.007, -0.76, 0.08, 0.64, -0.01, -0.018, -0.007, 
49.386, 0, 0, 0, 0, 0, 0, -0.4, -0.2, 0.28, -0.0185, -0.0345, 0.0025, 
49.486, 0, 0, 0, 0, 0, 0, -0.54, 0.12, -0.16, 0.0305, -0.029, 0, 
49.586, 0, 0, 0, 0, 0, -0.0055, -0.44, 0.38, 0.36, -0.0205, -0.0285, -0.0055, 
49.686, 0, 0, 0, 0, 0, -0.009, -0.58, 0.18, 0.28, -0.0125, -0.0265, -0.009, 
49.786, -0.86, 0, 0, 0, 0, -0.0065, -0.86, 0.16, 0.44, -0.025, -0.0245, -0.0065, 
49.886, 0, 0, 0, -0.0515, 0, 0.0165, -0.36, 0.02, 0.52, -0.0515, -0.039, 0.0165, 
49.986, 0, 0, 0, 0, 0, 0.0055, -0.5, 0.24, 0.54, -0.036, -0.0285, 0.0055, 
50.086, 0, 0, 0, 0, 0, 0, -0.5, 0.1, 0.34, -0.0065, -0.0245, 0, 
50.186, 0, 0, 0, 0, 0, -0.0105, -0.76, 0.18, 0.4, -0.0155, -0.0235, -0.0105, 
50.286, 0, 0, 0, 0, 0, -0.0155, -0.74, 0.24, 0.72, -0.0115, -0.0175, -0.0155, 
50.386, 0, 0, 0, 0, 0, 0, -0.52, 0.14, 0.56, -0.0285, -0.046, 0.002, 
50.486, -1.08, 0, 0, 0, -0.095, -0.062, -1.08, -0.04, 0.56, -0.019, -0.095, -0.062, 
50.586, -1.6, 0, 1.04, 0, -0.1685, -0.121, -1.6, 0.16, 1.04, -0.0115, -0.1685, -0.121, 
50.686, -1.1, 0, 0, 0, -0.2575, -0.057, -1.1, 0.34, 0.34, 0.0275, -0.2575, -0.057, 
50.786, -1.22, 0, 0, 0, -0.3105, -0.0575, -1.22, 0.06, 0.42, 0.032, -0.3105, -0.0575, 
50.886, 0, 0, 0, 0.059, -0.341, -0.022, -0.7, -0.04, 0.46, 0.059, -0.341, -0.022, 
50.986, -0.86, 0, 0, 0, -0.36, -0.064, -0.86, 0.34, 0.5, 0.036, -0.36, -0.064, 
51.086, -1.42, 0, 0, 0, -0.367, -0.098, -1.42, 0.24, 0.22, 0.046, -0.367, -0.098, 
51.186, 0, 0, 0, 0, -0.328, -0.0505, -0.18, 0.24, 0.26, 0.038, -0.328, -0.0505, 
51.286, 0, 0, 0, 0, -0.2075, 0, -0.04, 0.22, 0.42, 0.039, -0.2075, 0.002, 
51.386, 0, 0, 0, 0, 0, 0.0405, -0.2, 0.06, -0.7, 0, -0.0265, 0.0405, 
51.486, 0, 0, 0, 0, 0, 0, 0.28, -0.02, 0.18, -0.03, -0.017, -0.0045, 
51.586, 0, 0, 0, 0, 0, -0.006, -0.32, -0.06, 0.66, -0.0085, -0.0265, -0.006, 
51.686, 0, 0, 0, 0, 0, -0.006, -0.62, 0.28, 0.22, -0.01, -0.016, -0.006, 
51.786, 0, 0, 0, 0, 0, 0, -0.64, 0.16, 0.38, -0.016, -0.0245, -0.002, 
51.886, 0, 0, 0, 0, 0, 0, 0.4, 0.36, 0.42, -0.0105, -0.015, 0.0025, 
51.986, 0, 0, 0, 0, 0, 0.007, -0.42, -0.14, 0.08, -0.021, -0.0325, 0.007, 
52.086, 0, 0, 0, 0, 0, -0.007, 0.22, -0.2, -0.46, -0.035, -0.024, -0.007, 
52.186, 0, 0, 0, 0, -0.055, 0.005, 0.36, -0.34, 0.64, -0.0485, -0.055, 0.005, 
52.286, 0, 0, 0, 0, 0, -0.0225, 0.14, 0.14, 0.22, -0.009, -0.002, -0.0225, 
52.386, 0, 0, 0, 0, 0, -0.025, 0.18, -0.06, -0.1, -0.0235, -0.031, -0.025, 
52.486, 0, 0, 0, 0, 0, -0.037, -0.16, 0, -0.68, -0.024, -0.003, -0.037, 
52.586, 0, 0, 0, 0, 0, -0.0655, -0.16, -0.06, 0.04, -0.0165, -0.0135, -0.0655, 
52.686, 0, 0, 0, 0, 0, -0.033, 0.04, 0.32, -0.28, 0.0135, -0.014, -0.033, 
52.786, 0, 0, 0, 0, 0, -0.0505, 0.02, 0, -0.06, 0.0025, -0.021, -0.0505, 
52.886, 0, 0, 0, 0, 0, -0.023, -0.44, 0.02, 0.18, 0.002, -0.0135, -0.023, 
52.986, 0, 0, 0, 0, 0, -0.0385, 0.32, -0.18, -0.02, -0.0125, -0.012, -0.0385, 
53.086, 0, 0, 0, 0, 0, -0.043, -0.14, 0.1, 0, 0, -0.0175, -0.043, 
53.186, 0, 0, 0, 0, 0, -0.0465, -0.24, -0.1, -0.18, -0.011, -0.0125, -0.0465, 
53.286, 0, 0, 0, 0, 0, -0.061, 0.14, 0.18, -0.36, -0.011, -0.0185, -0.061, 
53.386, 0, 0, 0, 0, 0, -0.0515, 0.06, 0.06, -0.12, -0.0135, -0.018, -0.0515, 
53.486, 0, 0, 0, 0, 0, -0.046, 0.08, -0.1, -0.28, -0.0135, 0.004, -0.046, 
53.586, 0, 0, 0, 0, 0.052, -0.048, 0.04, -0.34, -0.58, 0.0395, 0.052, -0.048, 
53.686, 0, 0, 0, 0, 0.122, -0.0195, 0.22, -0.34, -0.4, 0.0175, 0.122, -0.0195, 
53.786, 0, 0, 0, 0, 0.15, 0, 0.22, -0.28, -0.72, 0.037, 0.15, -0.0015, 
53.886, 0, 0, 0, 0, 0.1885, -0.007, 0.28, -0.58, -0.38, -0.007, 0.1885, -0.007, 
53.986, 0, 0, 0, 0, 0.2125, -0.015, -0.04, -0.76, -0.34, -0.0135, 0.2125, -0.015, 
54.086, 0, 0, 0, 0, 0.2595, 0.0055, 0.18, -0.76, -0.32, 0.0025, 0.2595, 0.0055, 
54.186, 0, -1.06, 0, 0, 0.289, 0.019, 0.1, -1.06, -0.54, 0.024, 0.289, 0.019, 
54.286, 0, 0, 0, 0.05, 0.2815, 0.015, 0.06, -0.74, -0.72, 0.05, 0.2815, 0.015, 
54.386, 0, 0, 0, 0.0745, 0.2635, 0.032, -0.12, -0.64, -0.72, 0.0745, 0.2635, 0.032, 
54.486, 0, 0, -1.66, 0.1155, 0.281, 0.0375, 0.12, -0.66, -1.66, 0.1155, 0.281, 0.0375, 
54.586, 0, 0, -1.68, 0.125, 0.27, 0.0365, 0.28, -0.64, -1.68, 0.125, 0.27, 0.0365, 
54.686, 0, -0.9, 0, 0.0645, 0.245, 0.0125, 0.62, -0.9, -0.3, 0.0645, 0.245, 0.0125, 
54.786, 0, 0, 0, 0, 0.218, 0, 0.22, -0.68, 0, 0.036, 0.218, -0.0045, 
54.886, 0, -0.84, 0, 0, 0.203, -0.0145, -0.58, -0.84, 0.2, -0.023, 0.203, -0.0145, 
54.986, 0, 0, 0, 0, 0.1355, -0.0605, -0.28, -0.7, 0.3, -0.0235, 0.1355, -0.0605, 
55.086, 0, 0, 0.98, -0.0565, 0.058, -0.0255, 0.22, -0.56, 0.98, -0.0565, 0.058, -0.0255, 
55.186, 0, 0, 0, -0.113, 0, -0.041, -0.14, -0.06, 0.1, -0.113, 0.0235, -0.041, 
55.286, 0, 0, 1.48, -0.0835, 0, -0.0415, -0.36, -0.54, 1.48, -0.0835, -0.0025, -0.0415, 
55.386, 0, 0, 1.44, -0.072, 0, -0.025, -0.22, -0.28, 1.44, -0.072, -0.007, -0.025, 
55.486, 0, 0, 0, 0, 0, 0.0425, 0.6, -0.26, 0.58, -0.035, 0.019, 0.0425, 
55.586, 0, 0, 0.98, -0.059, 0, 0.022, 0.34, 0.08, 0.98, -0.059, 0.01, 0.022, 
55.686, 0, 0, 0.88, 0, 0, 0.005, 0.48, -0.22, 0.88, -0.034, -0.024, 0.005, 
55.786, 0, 0, 1.1, -0.0925, 0, -0.014, -0.18, 0.08, 1.1, -0.0925, -0.019, -0.014, 
55.886, 0, 0, 1.06, -0.0975, 0, -0.055, -0.72, 0.12, 1.06, -0.0975, -0.037, -0.055, 
55.986, -0.8, 0, 1.24, -0.1095, 0, -0.082, -0.8, 0.24, 1.24, -0.1095, -0.04, -0.082, 
56.086, -1.34, 0, 1.64, -0.1535, -0.054, -0.138, -1.34, -0.14, 1.64, -0.1535, -0.054, -0.138, 
56.186, -0.86, 0, 0, -0.057, -0.0605, -0.086, -0.86, 0.42, 0.6, -0.057, -0.0605, -0.086, 
56.286, -1.34, 0, 0.92, -0.068, -0.0615, -0.131, -1.34, -0.28, 0.92, -0.068, -0.0615, -0.131, 
56.386, -1.58, 0, 1.88, -0.126, -0.103, -0.167, -1.58, -0.46, 1.88, -0.126, -0.103, -0.167, 
56.486, -1.22, 0, 1.48, -0.0615, -0.1755, -0.1705, -1.22, 0.34, 1.48, -0.0615, -0.1755, -0.1705, 
56.586, -1.26, 0, 1.06, 0, -0.218, -0.221, -1.26, 0.46, 1.06, -0.031, -0.218, -0.221, 
56.686, -1.68, 0, 1.18, -0.0715, -0.248, -0.271, -1.68, 0.16, 1.18, -0.0715, -0.248, -0.271, 
56.786, -1.12, 0, 1.1, 0, -0.262, -0.2385, -1.12, 0.22, 1.1, -0.048, -0.262, -0.2385, 
56.886, -1.04, 0, 1.2, 0, -0.271, -0.2165, -1.04, 0.2, 1.2, -0.0415, -0.271, -0.2165, 
56.986, -1.26, 0, 1.76, 0, -0.29, -0.242, -1.26, 0.5, 1.76, -0.0495, -0.29, -0.242, 
57.086, 0, 0, 1.7, -0.0695, -0.2895, -0.1725, -0.06, 0.44, 1.7, -0.0695, -0.2895, -0.1725, 
57.186, 0, 0, 2, -0.0625, -0.281, -0.1455, -0.08, 0.74, 2, -0.0625, -0.281, -0.1455, 
57.286, 0, 0, 1.84, -0.1025, -0.2735, -0.188, -0.64, 0.34, 1.84, -0.1025, -0.2735, -0.188, 
57.386, 0, 0, 1.04, -0.07, -0.262, -0.1735, -0.66, 0.4, 1.04, -0.07, -0.262, -0.1735, 
57.486, 0, 0, 1.74, -0.096, -0.251, -0.127, -0.72, 0.18, 1.74, -0.096, -0.251, -0.127, 
57.586, 0, 0, 1.94, -0.109, -0.208, -0.0985, -0.48, 0.46, 1.94, -0.109, -0.208, -0.0985, 
57.686, 0, 0, 0.84, 0, -0.153, -0.0155, 0.46, 0.68, 0.84, -0.0485, -0.153, -0.0155, 
57.786, 0, 0, 0, 0, -0.0945, 0.0565, 0.68, 0.76, 0.72, -0.0425, -0.0945, 0.0565, 
57.886, 0, 0, 0, 0, -0.0675, -0.0065, 0.42, -0.16, 0.7, -0.018, -0.0675, -0.0065, 
57.986, 0, 0, 1.1, 0, 0, 0.0705, 0.66, -0.06, 1.1, -0.0075, -0.025, 0.0705, 
58.086, 0, 0, 0, 0, 0, 0.012, 0, 0.3, 0.34, 0.0275, 0.001, 0.012, 
58.186, 0, 0, 0, 0, 0, 0.01, -0.14, 0.18, 0.62, 0.006, 0.0075, 0.01, 
58.286, 0, 0, 0, 0, 0, 0, -0.06, -0.14, -0.36, -0.008, -0.013, -0.0045, 
58.386, 0, 0, 0, 0, 0, 0.011, 0.52, -0.12, 0.12, -0.005, -0.0135, 0.011, 
58.486, 0, 0, 0, 0, 0, 0.005, 0.42, -0.2, 0.66, -0.0035, -0.0035, 0.005, 
58.586, 0, 0, 0, 0, 0, 0.0255, -0.42, 0.2, -0.38, -0.009, -0.005, 0.0255, 
58.686, 0, 0, 0, 0, 0, 0.0195, 0.08, 0.04, -0.68, -0.015, -0.0005, 0.0195, 
58.786, 0, 0, 0, 0, 0, 0, 0.32, 0.06, -0.5, -0.0065, 0.003, 0.003, 
58.886, 0, 0, 0.84, 0, 0, 0.0065, 0.36, 0.1, 0.84, 0.0075, -0.0025, 0.0065, 
58.986, 0, 0, 0, 0, 0, 0.008, 0.32, -0.06, -0.18, -0.003, -0.0065, 0.008, 
59.086, 0, 0, 0, 0, 0, 0.015, 0.36, -0.24, 0.5, 0.009, 0, 0.015, 
59.186, 0, 0, 0, 0, 0, 0.013, 0.1, -0.06, -0.08, -0.0095, 0.005, 0.013, 
59.286, 0, 0, 0, 0, 0, 0, 0.22, 0.08, -0.26, -0.0075, 0.0105, -0.0035, 
59.386, 0, 0, 0, 0, 0, 0.005, 0, 0.14, -0.26, -0.0245, -0.0095, 0.005, 
59.486, 0, 0, 0, 0, 0, 0.0095, 0.18, 0.32, -0.08, -0.0135, -0.003, 0.0095, 
59.586, 0, 0, 0, 0, 0, 0.021, 0.24, -0.02, -0.74, -0.015, 0.0005, 0.021, 
59.686, 0, 0, 0, 0, 0, 0, 0.42, 0.06, -0.28, -0.008, 0, -0.0005, 
59.786, 0, 0, 0, 0, 0, -0.0055, 0.04, 0.08, -0.6, -0.0085, -0.006, -0.0055, 
59.886, 0, 0, 0, 0, 0, -0.023, 0.08, 0.14, -0.44, 0.0045, -0.014, -0.023, 
59.986, 0, 0, 0, 0, 0, -0.0255, 0.36, 0.38, -0.54, 0.024, -0.0245, -0.0255, 
60.086, 0, 0, 0, 0, 0, -0.0075, 0.48, 0.08, -0.22, -0.0405, -0.004, -0.0075, 
60.186, 0, 0, 0, 0, 0, -0.043, 0.32, 0.14, -0.44, -0.028, -0.035, -0.043, 
60.286, 0, 0, 0, 0, 0, -0.028, 0.12, 0.38, -0.42, -0.0085, -0.0345, -0.028, 
60.386, 0, 0, 0, 0, 0, -0.025, 0.02, 0.06, -0.18, -0.017, -0.0355, -0.025, 
60.486, 0, 0, 0, 0, 0, 0, 0.24, 0.12, -0.38, 0.001, -0.0045, 0.001, 
60.586, 0, 0, -0.94, 0, 0, -0.0175, 0.24, 0.5, -0.94, 0.039, -0.005, -0.0175, 
60.686, 0, 0, -1.34, 0, 0, 0.0085, 0.34, -0.16, -1.34, 0.043, 0.001, 0.0085, 
60.786, 0, 0, -1.06, 0, 0, -0.0085, 0.34, 0.1, -1.06, 0.042, 0.0095, -0.0085, 
60.886, 0, 0, -0.9, 0, 0, -0.0495, -0.22, -0.02, -0.9, 0.0405, 0.001, -0.0495, 
60.986, 0, 0, 0, 0, 0, -0.0155, 0.26, -0.04, -0.64, 0.014, 0.006, -0.0155, 
61.086, 0, 0, -1.12, 0, 0, -0.0115, 0.16, -0.08, -1.12, 0.0375, 0.005, -0.0115, 
61.186, 0, 0, -1.36, 0.069, 0, 0.015, 0.42, 0, -1.36, 0.069, 0.018, 0.015, 
61.286, 0, 0, -2.36, 0.1955, 0.0925, 0.0215, 0.38, 0.54, -2.36, 0.1955, 0.0925, 0.0215, 
61.386, 0.82, 0, -2.62, 0.174, 0.185, 0.107, 0.82, 0.2, -2.62, 0.174, 0.185, 0.107, 
61.486, 0, 0, -1.96, 0.123, 0.2845, 0.1205, 0.62, 0.08, -1.96, 0.123, 0.2845, 0.1205, 
61.586, 0, 0, -1.4, 0, 0.3715, 0.1175, 0.44, -0.34, -1.4, 0.0325, 0.3715, 0.1175, 
61.686, 0, 0, -1.66, 0, 0.4565, 0.1895, 0.54, -0.44, -1.66, 0.0455, 0.4565, 0.1895, 
61.786, 0.86, 0, -1.98, 0.057, 0.4685, 0.2105, 0.86, -0.7, -1.98, 0.057, 0.4685, 0.2105, 
61.886, 0, 0, -1.02, 0, 0.4355, 0.184, 0.38, -0.6, -1.02, -0.0045, 0.4355, 0.184, 
61.986, 0, 0, -1.9, 0, 0.38, 0.1875, 0.42, 0.1, -1.9, 0.0155, 0.38, 0.1875, 
62.086, 0, 0, -1.28, 0, 0.359, 0.172, 0.48, -0.56, -1.28, -0.0315, 0.359, 0.172, 
62.186, 0, 0, -1.06, 0, 0.351, 0.118, 0.44, -0.4, -1.06, -0.0275, 0.351, 0.118, 
62.286, 0, 0, 0, 0, 0.3415, 0.149, 0.54, -0.4, 0, -0.012, 0.3415, 0.149, 
62.386, 0, 0, -2.38, 0, 0.3695, 0.174, -0.02, 0.38, -2.38, -0.0455, 0.3695, 0.174, 
62.486, 0, -1.04, 0, -0.1645, 0.405, 0.1005, -0.04, -1.04, -0.58, -0.1645, 0.405, 0.1005, 
62.586, 0, 0, 1.52, -0.1325, 0.377, 0.071, 0.18, -0.6, 1.52, -0.1325, 0.377, 0.071, 
62.686, 0, -0.92, 0.9, -0.108, 0.3285, 0.064, 0.68, -0.92, 0.9, -0.108, 0.3285, 0.064, 
62.786, 0, -0.8, 0, -0.086, 0.217, 0.0755, 0.3, -0.8, 0, -0.086, 0.217, 0.0755, 
62.886, -0.88, 0, 0, -0.0805, 0.1585, 0.025, -0.88, -0.2, 0.7, -0.0805, 0.1585, 0.025, 
62.986, 0, 0, 1.04, 0, 0.094, 0.021, -0.16, 0, 1.04, -0.019, 0.094, 0.021, 
63.086, -0.84, 0, 0, 0, 0.065, 0.0195, -0.84, 0, -0.26, -0.008, 0.065, 0.0195, 
63.186, -1.56, 0, 0, 0.0555, 0, 0.052, -1.56, 0.4, 0.74, 0.0555, -0.0135, 0.052, 
63.286, 0, 0, 0.86, 0, 0, 0.015, -0.52, -0.24, 0.86, -0.025, -0.0065, 0.015, 
63.386, -1.78, 0, 0, 0, 0, 0, -1.78, -0.58, 0.12, 0.0155, -0.0215, 0, 
63.486, -1.42, 1.44, 2.2, -0.1765, 0, -0.0645, -1.42, 1.44, 2.2, -0.1765, -0.012, -0.0645, 
63.586, -2.14, 0, 1.2, 0, 0, -0.0845, -2.14, 0.38, 1.2, -0.044, -0.029, -0.0845, 
63.686, -1.72, 1.84, 2.8, -0.1955, -0.2175, -0.3405, -1.72, 1.84, 2.8, -0.1955, -0.2175, -0.3405, 
63.786, -1.36, 0, 1, 0, -1.2105, -0.4945, -1.36, 0.5, 1, -0.0145, -1.2105, -0.4945, 
63.886, -3.96, 1.52, 2.1, 0.0765, -1.552, -0.934, -3.96, 1.52, 2.1, 0.0765, -1.552, -0.934, 
63.986, 0, 3.32, 2.02, 0, -1.4205, -0.512, -0.66, 3.32, 2.02, -0.0105, -1.4205, -0.512, 
64.086, 2.4, 2.18, 2.4, -0.14, -1.007, 0.052, 2.4, 2.18, 2.4, -0.14, -1.007, 0.052, 
64.186, 4.26, 2.46, 2.2, -0.409, -0.3605, 0.302, 4.26, 2.46, 2.2, -0.409, -0.3605, 0.302, 
64.286, 4.04, 1.22, 0, -0.0625, 0, 0.432, 4.04, 1.22, 0.72, -0.0625, -0.028, 0.432, 
64.386, 2.32, 1.26, 0, 0, 0.0945, 0.3925, 2.32, 1.26, 0.58, -0.0405, 0.0945, 0.3925, 
64.486, 1.18, 0, 0, 0, 0.101, 0.3305, 1.18, 0, -0.26, -0.0015, 0.101, 0.3305, 
64.586, 0, 0, -0.94, 0.0675, 0.1035, 0.2175, 0.56, 0.38, -0.94, 0.0675, 0.1035, 0.2175, 
64.686, 2.32, 0, -1.24, 0.1045, 0.172, 0.365, 2.32, 0.22, -1.24, 0.1045, 0.172, 0.365, 
64.786, 2.94, 0, -1.7, 0.136, 0.194, 0.369, 2.94, 0.36, -1.7, 0.136, 0.194, 0.369, 
64.886, 4.18, 0.88, -1.86, 0.137, 0.302, 0.481, 4.18, 0.88, -1.86, 0.137, 0.302, 0.481, 
64.986, 5.88, 1.04, -2.84, 0.118, 0.3655, 0.7095, 5.88, 1.04, -2.84, 0.118, 0.3655, 0.7095, 
65.086, 3.8, 0, -2.24, 0.1275, 0.263, 0.443, 3.8, 0.72, -2.24, 0.1275, 0.263, 0.443, 
65.186, 4.34, 0, -2.58, 0.094, 0.363, 0.4685, 4.34, 0.74, -2.58, 0.094, 0.363, 0.4685, 
65.286, 3.4, 0, -1.46, 0, 0.376, 0.3735, 3.4, 0.36, -1.46, -0.0245, 0.376, 0.3735, 
65.386, 2.98, 0, -1.48, 0, 0.3275, 0.351, 2.98, 0.18, -1.48, -0.0105, 0.3275, 0.351, 
65.486, 3.32, 0.9, -1.16, 0, 0.2585, 0.3855, 3.32, 0.9, -1.16, 0.003, 0.2585, 0.3855, 
65.586, 3, 0, -1.32, 0.0525, 0.186, 0.3695, 3, 0.38, -1.32, 0.0525, 0.186, 0.3695, 
65.686, 2.16, 0, -1, 0, 0.1475, 0.3425, 2.16, 0.4, -1, 0.0415, 0.1475, 0.3425, 
65.786, 2.64, 0, 0, 0, 0.128, 0.303, 2.64, 0.26, 0.08, -0.011, 0.128, 0.303, 
65.886, 2.34, 0, 0, 0, 0.0555, 0.2725, 2.34, 0.46, -0.04, -0.0225, 0.0555, 0.2725, 
65.986, 1.06, 0, 1, -0.1, -0.06, 0.153, 1.06, 0.42, 1, -0.1, -0.06, 0.153, 
66.086, 1.5, 0, 0, 0, -0.2435, 0.274, 1.5, 0.44, 0.32, -0.043, -0.2435, 0.274, 
66.186, 3.06, 0, 0, -0.081, 0, 0.3925, 3.06, 0.62, -0.04, -0.081, -0.038, 0.3925, 
66.286, 3.4, 0, 0, -0.124, 0.081, 0.431, 3.4, -0.04, 0.24, -0.124, 0.081, 0.431, 
66.386, 3.28, 0, 0, -0.0655, 0.0525, 0.4165, 3.28, 0.78, -0.26, -0.0655, 0.0525, 0.4165, 
66.486, 3.2, 0, 0, 0, 0, 0.393, 3.2, 0.48, -0.46, -0.0145, 0.0435, 0.393, 
66.586, 1.9, 0, 0, 0, 0, 0.2705, 1.9, 0.14, -0.04, -0.012, 0.0175, 0.2705, 
66.686, 2, 0, 0, 0, 0, 0.26, 2, 0.18, -0.4, -0.031, 0.0095, 0.26, 
66.786, 0, 0, 0.82, 0, 0, 0.03, -0.48, 0.3, 0.82, -0.0175, 0.003, 0.03, 
66.886, -0.86, 0, 0, 0, 0, 0, -0.86, 0.04, 0.56, 0.0105, -0.0125, -0.0015, 
66.986, -0.92, 0, 0, 0, 0, 0, -0.92, 0, 0.64, 0.0015, -0.013, -0.003, 
67.086, -1.04, 0, 0, 0, 0, 0, -1.04, 0.08, 0.46, 0.003, -0.015, -0.0045, 
67.186, -0.98, 0, 0, 0, 0, -0.006, -0.98, 0.16, 0.38, 0.0075, -0.0165, -0.006, 
67.286, -0.94, 0, 0, 0, 0, 0, -0.94, 0.24, 0.52, 0, -0.0215, -0.002, 
67.386, -1.04, 0, 0, 0, 0, 0, -1.04, 0.3, 0.22, 0.0015, -0.0145, -0.001, 
67.486, -1.22, 0, 0, 0, 0, 0, -1.22, 0.08, 0.66, 0.002, -0.0105, -0.0045, 
67.586, 0, 0, 0, 0, 0, 0.0275, -0.6, 0.28, -0.16, 0.026, -0.013, 0.0275, 
67.686, 1.68, 1.16, 1.84, -0.2065, -0.1955, 0.1735, 1.68, 1.16, 1.84, -0.2065, -0.1955, 0.1735, 
67.786, 2.82, 1.6, 2.76, -0.1865, -0.4855, 0.302, 2.82, 1.6, 2.76, -0.1865, -0.4855, 0.302, 
67.886, 3.64, 2.14, 2.14, -0.1555, -0.6405, 0.3895, 3.64, 2.14, 2.14, -0.1555, -0.6405, 0.3895, 
67.986, 4.58, 2.82, 2.34, -0.1275, -0.784, 0.4725, 4.58, 2.82, 2.34, -0.1275, -0.784, 0.4725, 
68.086, 5.58, 2.78, 1.8, -0.0595, -0.772, 0.5415, 5.58, 2.78, 1.8, -0.0595, -0.772, 0.5415, 
68.186, 4.12, 2.08, 0.8, 0, -0.695, 0.4235, 4.12, 2.08, 0.8, -0.032, -0.695, 0.4235, 
68.286, 3.88, 2.16, 1.02, 0, -0.466, 0.364, 3.88, 2.16, 1.02, -0.0205, -0.466, 0.364, 
68.386, 1.96, 1.46, 0, 0, -0.1905, 0.267, 1.96, 1.46, -0.7, 0.019, -0.1905, 0.267, 
68.486, 0, 0, 0, 0, 0, 0.0425, 0.34, 0.66, -0.24, -0.0085, -0.0105, 0.0425, 
68.586, 0, 0, 0, 0, 0, 0.0155, -0.16, 0.14, 0.64, 0.0025, -0.0085, 0.0155, 
68.686, 0, 0, 0, 0, 0, -0.018, -0.38, -0.18, 0.6, 0.0145, -0.0125, -0.018, 
68.786, 0, 0, 0, 0, 0, -0.0105, -0.08, 0.52, 0.22, 0.015, -0.0065, -0.0105, 
68.886, 0, 0, 0, 0, 0, -0.009, 0.08, -0.04, 0.12, 0.019, -0.0015, -0.009, 
68.986, 0, 0, -0.82, 0, 0, 0.0165, -0.38, 0.3, -0.82, 0.0245, 0.041, 0.0165, 
69.086, 0, 0, 3.84, 0, 0, -0.0205, 0.72, -0.12, 3.84, 0.034, -0.013, -0.0205, 
69.186, 0, 0, -1.88, 0, 0, 0, -0.08, -0.16, -1.88, -0.0485, 0.006, -0.002, 
69.286, 0, 0, 0, 0, 0, 0.0075, 0.14, 0.12, -0.66, 0.006, -0.009, 0.0075, 
69.386, 0, 0, -0.92, 0, 0, 0.025, -0.74, 0.46, -0.92, -0.0135, -0.013, 0.025, 
69.486, 0.86, 0, 0, 0, 0, -0.0315, 0.86, -0.06, -0.26, -0.006, -0.0075, -0.0315, 
69.586, 0, 0, 0, 0, 0, 0.036, -0.74, 0.06, -0.38, -0.009, 0.003, 0.036, 
69.686, 0, 0, -1.16, 0, 0, 0.0115, 0.14, -0.1, -1.16, -0.0375, 0.013, 0.0115, 
69.786, 0, 0, 0, 0, 0, 0.0255, 0.66, -0.14, -0.74, -0.018, -0.0095, 0.0255, 
69.886, 0, 0, 0, 0, 0, -0.017, 0.34, -0.12, -0.1, -0.018, -0.0045, -0.017, 
69.986, -1.04, 0, 0, -0.061, 0, -0.131, -1.04, -0.4, 0.2, -0.061, -0.035, -0.131, 
70.086, 0, 0, -1, -0.1715, 0, -0.1915, 0.26, 0, -1, -0.1715, 0.048, -0.1915, 
70.186, 0, -1.98, 0, -0.498, 0.2125, -0.2695, -0.66, -1.98, 0.16, -0.498, 0.2125, -0.2695, 
70.286, 1, -1.42, -1.82, -0.3555, 0.334, -0.0285, 1, -1.42, -1.82, -0.3555, 0.334, -0.0285, 
70.386, 0, -2.02, -2, -0.1565, 0.311, 0.02, -0.3, -2.02, -2, -0.1565, 0.311, 0.02, 
70.486, -1.02, -2, -3.52, 0.088, 0.2145, -0.0725, -1.02, -2, -3.52, 0.088, 0.2145, -0.0725, 
70.586, -1.22, -1.84, -3.28, 0.2825, 0.17, -0.0635, -1.22, -1.84, -3.28, 0.2825, 0.17, -0.0635, 
70.686, -1.48, -1.54, -3.4, 0.41, 0.107, -0.1065, -1.48, -1.54, -3.4, 0.41, 0.107, -0.1065, 
70.786, -1.46, -1.74, -3.02, 0.386, 0, -0.146, -1.46, -1.74, -3.02, 0.386, 0.0245, -0.146, 
70.886, -1.08, 0, -3.6, 0.491, -0.076, -0.14, -1.08, -0.68, -3.6, 0.491, -0.076, -0.14, 
70.986, -1.3, 0, -3.6, 0.5355, -0.2125, -0.2015, -1.3, -0.28, -3.6, 0.5355, -0.2125, -0.2015, 
71.086, -0.8, 0, -4.56, 0.655, -0.2265, -0.1465, -0.8, 0.3, -4.56, 0.655, -0.2265, -0.1465, 
71.186, 0, 0, -4.58, 0.7085, -0.118, -0.0775, -0.4, -0.28, -4.58, 0.7085, -0.118, -0.0775, 
71.286, -0.8, 0, -4.52, 0.6475, 0, -0.0525, -0.8, -0.58, -4.52, 0.6475, -0.009, -0.0525, 
71.386, 0, 0, -4.4, 0.559, 0.052, -0.0625, -0.56, -0.4, -4.4, 0.559, 0.052, -0.0625, 
71.486, -0.82, 0, -3.92, 0.5295, 0, -0.096, -0.82, -0.52, -3.92, 0.5295, 0.0495, -0.096, 
71.586, -1.24, -0.8, -4.16, 0.6455, 0, -0.119, -1.24, -0.8, -4.16, 0.6455, -0.011, -0.119, 
71.686, 0, 0, -4.96, 0.7465, -0.0955, -0.066, -0.64, -0.44, -4.96, 0.7465, -0.0955, -0.066, 
71.786, 0, 0, -4.54, 0.7875, -0.193, -0.092, -0.66, 0.28, -4.54, 0.7875, -0.193, -0.092, 
71.886, -1.3, 0, -4.94, 0.827, -0.059, -0.1005, -1.3, 0.1, -4.94, 0.827, -0.059, -0.1005, 
71.986, -0.9, 0, -5.44, 0.925, 0, -0.0495, -0.9, -0.2, -5.44, 0.925, 0.023, -0.0495, 
72.086, -1.04, 0, -5.32, 1.0535, 0, -0.039, -1.04, -0.28, -5.32, 1.0535, 0.0255, -0.039, 
72.186, -0.82, 0, -5.9, 1.089, 0.054, -0.0345, -0.82, 0.26, -5.9, 1.089, 0.054, -0.0345, 
72.286, -1.38, 0, -5.76, 1.074, 0.119, -0.0755, -1.38, 0.06, -5.76, 1.074, 0.119, -0.0755, 
72.386, -1.38, 0, -5.24, 0.9515, 0.1515, -0.0685, -1.38, -0.74, -5.24, 0.9515, 0.1515, -0.0685, 
72.486, -1.3, -0.86, -4.96, 0.9155, 0.176, -0.0815, -1.3, -0.86, -4.96, 0.9155, 0.176, -0.0815, 
72.586, -1.02, -1, -5.1, 0.829, 0.2555, -0.0845, -1.02, -1, -5.1, 0.829, 0.2555, -0.0845, 
72.686, -0.88, 0, -4.02, 0.653, 0.236, -0.133, -0.88, -0.56, -4.02, 0.653, 0.236, -0.133, 
72.786, -0.92, -1.04, -3.78, 0.6305, 0.0865, -0.137, -0.92, -1.04, -3.78, 0.6305, 0.0865, -0.137, 
72.886, 0, 0, -4.34, 0.7615, -0.0765, -0.0965, -0.7, -0.2, -4.34, 0.7615, -0.0765, -0.0965, 
72.986, 0, 0, -3.78, 0.7845, -0.1845, -0.049, -0.44, -0.52, -3.78, 0.7845, -0.1845, -0.049, 
73.086, 0, 0, -4.08, 0.8185, -0.1875, -0.053, -0.72, 0.02, -4.08, 0.8185, -0.1875, -0.053, 
73.186, 0, 0, -4.02, 0.7205, -0.1945, -0.0605, -0.56, -0.22, -4.02, 0.7205, -0.1945, -0.0605, 
73.286, 0, 0, -2.64, 0.3155, 0, 0.0685, 0.56, 0.14, -2.64, 0.3155, -0.0325, 0.0685, 
73.386, 0, 0, 0, 0, 0, -0.01, 0.38, -0.18, -0.6, -0.001, 0.0075, -0.01, 
73.486, 0, 0, -0.86, 0, 0, 0, 0.46, 0.04, -0.86, 0.0095, 0.005, -0.002, 
73.586, 0, 0, -0.84, 0, 0, 0, 0.38, -0.16, -0.84, -0.0065, 0.008, 0, 
73.686, 0, 0, -1.12, 0, 0, 0, 0.46, 0.16, -1.12, 0.001, -0.0015, 0, 
73.786, 0, 0, 0, 0, 0, -0.005, 0.32, 0.04, -0.74, -0.0045, 0, -0.005, 
73.886, 0, 0, 0, 0, 0, 0, 0.4, 0.1, -0.7, 0.002, 0.001, -0.0025, 
73.986, 0, 0, 0, 0, 0, 0, 0.44, 0, -0.6, 0, 0.0075, -0.0025, 
74.086, 0, 0, 0, 0, 0, 0, 0.44, 0.18, -0.66, 0.0045, 0.007, -0.0015, 
74.186, 0, 0, -1.02, 0, 0, -0.0065, 0.44, 0.06, -1.02, 0.004, 0.0065, -0.0065, 
