Time, q_r1, q_r2, q_r3, q_r4, q_r5, q_r6, q_r3, dq_r1, dq_r2, dq_r3, dq_r4, dq_r5, dq_r6, t_r1, t_r2, t_r3, t_r4, t_r5, t_r6, G_r1, G_r2, G_r3, G_r4, G_r5, G_r6, q_n1, q_n2, q_n3, q_n4, q_n5, q_n6, q_n3, dq_n1, dq_n2, dq_n3, dq_n4, dq_n5, dq_n6, t_n1, t_n2, t_n3, t_n4, t_n5, t_n6, qd1, qd2, qd3, qd4, qd5, qd6, qd3, dqd1, dqd2, dqd3, dqd4, dqd5, dqd6
0.54525, 1.55922, -0.407847, 0.403912, 1.55112, 1.55132, 1.54652, -0, -0, 0, 0.00474623, 0.00284774, 0.00379698, 1.52145, 17.2151, 4.08952, 1.37758, -1.20484, 1.42434, 0, -0.18, -0.02, -0.0025, -0.0015, -0.0005, 1.55947, -0.407832, 0.404155, 1.5514, 1.55155, 1.54696, 0.00364722, 0.000477292, 0.00120272, 0.00546505, 0.0265617, 0.00815119, 0.0102709, -0.0737183, -0.0354167, 0.00326765, 0.0123486, -0.000367773, 1.55973, -0.407793, 0.404115, 1.55162, 1.5515, 1.54697, 0.00257187, 0.000159711, 0.00068736, 0.00444072, 0.00446683, 0.00551067
0.64525, 1.55923, -0.407846, 0.403923, 1.5516, 1.55182, 1.54716, -0, -0, 0, 0.00569547, 0.00664472, 0.00759396, 2.46384, 17.3003, 4.3721, 1.82109, -1.23376, 1.58178, 0, 0.02, 0.18, -0.001, -0.0025, 0.0015, 1.55987, -0.407787, 0.404174, 1.55243, 1.55216, 1.54764, 0.00482059, 0.000452603, -0.000444428, 0.0139813, 0.00205463, 0.00598764, 0.0394774, 0.0377879, 0.018908, 0.0055223, -0.00231191, 4.01586e-05, 1.56003, -0.407775, 0.404194, 1.55213, 1.55202, 1.5476, 0.00331779, 0.000206031, 0.000886714, 0.00572865, 0.00576234, 0.00710892
0.74525, 1.55928, -0.407846, 0.403945, 1.5523, 1.55242, 1.54803, -0, -0, 0, 0.00854321, 0.00474623, 0.0113909, 3.68148, 17.4107, 4.72003, 1.98129, -0.801141, 1.59547, -0.14, 0.02, -0.02, -0.0025, 0.006, 0.002, 1.56045, -0.407744, 0.404199, 1.55327, 1.55278, 1.54843, 0.00652027, 0.000251671, 0.0023782, 0.00273621, -0.00514527, 0.00748426, -0.0692255, 0.0950806, 0.0422001, -0.0393609, 0.00393469, -0.000520102, 1.5604, -0.407752, 0.404293, 1.55276, 1.55266, 1.54839, 0.00406116, 0.000252193, 0.00108539, 0.00701218, 0.00705341, 0.00870171
0.84525, 1.55945, -0.407843, 0.403973, 1.55312, 1.55319, 1.54902, -0, 0.00237704, 0, 0.00854321, 0.00949246, 0.00949246, 5.03226, 17.2104, 5.08717, 2.29159, -0.88005, 1.99945, 0.12, -0.18, 0.04, 0.0015, 0, 0.0005, 1.56103, -0.407714, 0.404377, 1.55385, 1.55366, 1.54935, 0.00529283, 0.000367757, 0.00028635, 0.0104473, 0.0153717, 0.0108575, 0.00983976, -0.120118, -0.0560337, 0.0117643, 0.027427, -0.000310363, 1.56084, -0.407725, 0.404411, 1.55353, 1.55342, 1.54934, 0.00477404, 0.000296463, 0.00127591, 0.00824308, 0.00829155, 0.0102292
0.94525, 1.55977, -0.407845, 0.40402, 1.5541, 1.55415, 1.55033, 0.00396173, -0, 0, 0.0104417, 0.0123402, 0.0161372, 6.05997, 17.7295, 5.63754, 2.33625, -0.950342, 1.52551, 0, -0.02, 0.08, 0, 0.002, 0.003, 1.56156, -0.407692, 0.404437, 1.55448, 1.55429, 1.55042, 0.00510859, 1.48545e-06, 0.00186875, 0.00270533, -0.00794721, 0.00985005, 0.0371872, 0.004776, 0.000349389, 0.0222274, 0.0223917, 6.44662e-05, 1.56135, -0.407693, 0.404547, 1.55441, 1.55431, 1.55044, 0.00543198, 0.00033732, 0.00145175, 0.00937911, 0.00943426, 0.0116389
1.04525, 1.56016, -0.407843, 0.404179, 1.55535, 1.55543, 1.5517, 0.00554642, -0, 0.00316938, 0.0132894, 0.0123402, 0.0142387, 7.41479, 17.8394, 5.75852, 1.97994, -1.25524, 1.52966, -0.02, -0.04, 0, 0, 0.0015, 0.002, 1.56209, -0.407693, 0.404738, 1.55522, 1.55428, 1.55171, 0.00522842, 3.14325e-05, 0.0042482, 0.00832642, 0.0128979, 0.0107466, 0.00714402, -0.0345444, -0.0218223, 0.00144875, 0.0280695, 2.184e-05, 1.56192, -0.407658, 0.404701, 1.5554, 1.55531, 1.55166, 0.00601397, 0.000373461, 0.0016073, 0.010384, 0.0104451, 0.012886
1.14525, 1.56082, -0.407842, 0.404434, 1.55657, 1.55645, 1.55307, 0.0110928, -0, 0.00237704, 0.0104417, 0.0123402, 0.0170864, 8.16717, 18.076, 6.04837, 2.00216, -1.16922, 1.35459, 0.02, 0.1, -0.12, 0.0025, 0, 0, 1.56267, -0.407651, 0.404941, 1.55646, 1.5566, 1.55305, 0.00582883, 0.000618998, -0.000422153, 0.0113788, 0.0175701, 0.012414, -0.0355648, 0.0669463, 0.0344599, -0.0221534, -0.0297947, 0.000663083, 1.56255, -0.407619, 0.404868, 1.55648, 1.5564, 1.55301, 0.00650248, 0.000403797, 0.00173786, 0.0112275, 0.0112935, 0.0139327
1.24525, 1.56182, -0.40784, 0.404732, 1.5578, 1.55765, 1.55444, 0.0118852, -0, 0.00237704, 0.0132894, 0.0132894, 0.0170864, 8.72482, 18.314, 6.14644, 1.64404, -1.28588, 1.49867, -0.14, 0.14, -0.02, 0, -0.002, 0.003, 1.56327, -0.407611, 0.405043, 1.55746, 1.55772, 1.55441, 0.00645632, 0.000487558, 0.00123744, 0.00994992, 0.0091101, 0.0111249, -0.0296844, 0.174872, 0.081812, -0.0319756, -0.0293783, 0.000935924, 1.56322, -0.407577, 0.405047, 1.55764, 1.55756, 1.55444, 0.00688343, 0.000427454, 0.00183967, 0.0118852, 0.0119551, 0.0147489
1.34525, 1.56307, -0.407838, 0.405022, 1.55892, 1.55876, 1.55602, 0.0134699, -0, 0.00237704, 0.0123402, 0.0142387, 0.0142387, 8.57744, 18.5848, 6.18526, 1.77873, -1.1816, 1.58826, -0.04, -0.02, -0.12, -0.0005, 0.0035, -0.001, 1.56396, -0.407564, 0.405228, 1.55904, 1.55892, 1.55595, 0.00787712, 0.000587776, 0.00191908, 0.0196238, 0.00812005, 0.0178352, -0.0899532, 0.0410862, 0.0191123, -0.0572464, 0.0095233, -0.00153113, 1.56392, -0.407533, 0.405235, 1.55885, 1.55878, 1.55595, 0.0071462, 0.000443772, 0.0019099, 0.012339, 0.0124115, 0.0153119
1.44525, 1.5644, -0.407833, 0.405235, 1.5602, 1.55997, 1.55748, 0.0118852, -0, 0.00237704, 0.0123402, 0.0132894, 0.0142387, 8.19207, 18.8828, 6.29956, 1.69739, -1.01551, 1.70734, -0.02, -0.04, -0.14, -0.003, 0.0015, 0, 1.5648, -0.407502, 0.405373, 1.56069, 1.56055, 1.5575, 0.00858771, 0.000684032, 0.000130094, 0.0105197, 0.0354355, 0.014733, -0.10219, 0.0656184, 0.032591, -0.0538914, -0.0346757, 0.000665042, 1.56464, -0.407488, 0.405428, 1.5601, 1.56003, 1.5575, 0.00728365, 0.000452307, 0.00194663, 0.0125763, 0.0126502, 0.0156064
1.54525, 1.56541, -0.407828, 0.405463, 1.56138, 1.56107, 1.55911, 0.00792345, -0, 0.00237704, 0.0113909, 0.0132894, 0.0170864, 8.19906, 19.1916, 6.37978, 1.86202, -0.65878, 1.40276, 0, 0.18, 0.08, 0, -0.0005, 0.001, 1.56552, -0.407472, 0.405528, 1.56111, 1.56125, 1.55905, 0.00652468, 8.95208e-05, 0.00326444, 0.0111616, -0.00844614, 0.0148588, 0.0276205, 0.0657896, 0.0308367, 0.0150546, -0.0168154, -0.000296057, 1.56537, -0.407443, 0.405623, 1.56136, 1.5613, 1.55906, 0.00729208, 0.00045283, 0.00194888, 0.0125908, 0.0126649, 0.0156245
1.64525, 1.56622, -0.407819, 0.405699, 1.56271, 1.56241, 1.56061, 0.0103005, -0, 0, 0.0142387, 0.0151879, 0.0132894, 7.77822, 19.6021, 6.61122, 1.46195, -0.785544, 1.69986, 0.1, 0.12, -0.08, -0.002, -0.0025, 0.0015, 1.56619, -0.407443, 0.405902, 1.56247, 1.56221, 1.56062, 0.00670967, 0.000584921, 0.0022637, 0.0212072, 0.01144, 0.0138477, -0.0383465, -0.0385647, -0.0174968, -0.0186036, -0.0197167, -0.000332619, 1.5661, -0.407398, 0.405817, 1.56261, 1.56256, 1.56061, 0.00717127, 0.000445328, 0.0019166, 0.0123822, 0.0124551, 0.0153656
1.74525, 1.56704, -0.407796, 0.405927, 1.56388, 1.56368, 1.56212, 0.00396173, -0, 0.00396173, 0.0123402, 0.0132894, 0.0161372, 8.0064, 19.809, 6.29053, 1.6028, -0.647322, 1.48572, -0.04, -0.1, -0.02, 0.0025, -0.002, 0.003, 1.5669, -0.407374, 0.405978, 1.56393, 1.56409, 1.56207, 0.00718755, 0.000581813, 0.00104067, 0.00512275, 0.016044, 0.0132538, -0.0292081, 0.012965, 0.00472583, -0.0127062, 0.0133028, -0.000285522, 1.5668, -0.407354, 0.406005, 1.56383, 1.56379, 1.56212, 0.00692446, 0.000430002, 0.00185063, 0.0119561, 0.0120264, 0.0148368
1.84525, 1.56768, -0.407785, 0.406223, 1.56514, 1.56487, 1.56372, 0.00554642, -0, 0.00316938, 0.0132894, 0.0104417, 0.0151879, 7.73772, 20.1855, 6.19461, 1.29198, -0.454105, 1.25045, -0.04, -0.2, -0.02, -0.006, 0.0045, 0.003, 1.56755, -0.407335, 0.406107, 1.56499, 1.56502, 1.56354, 0.00603895, 0.000222433, 0.00148152, 0.00992266, 0.0169562, 0.0124848, -0.0208449, -0.00227444, -0.00498136, -0.0146258, 0.0282987, -0.000298891, 1.56748, -0.407312, 0.406186, 1.56499, 1.56496, 1.56357, 0.00655835, 0.000407267, 0.00175279, 0.0113239, 0.0113905, 0.0140524
1.94525, 1.56835, -0.407767, 0.406537, 1.56615, 1.56595, 1.56506, 0.00554642, -0, 0.00237704, 0.0104417, 0.0104417, 0.0123402, 7.47866, 20.5543, 5.94965, 1.48062, -0.404163, 1.27831, 0, 0.1, 0.14, 0.002, -0.001, -0.0005, 1.56812, -0.407319, 0.40635, 1.56591, 1.56565, 1.56497, 0.00604885, 0.000166218, 0.00403702, 0.0110432, -0.00100606, 0.0134884, 0.035418, 0.00413075, 0.000309334, 0.0211179, 0.000620045, -0.000278913, 1.56811, -0.407273, 0.406355, 1.56609, 1.56606, 1.56493, 0.0060831, 0.000377754, 0.00162577, 0.0105034, 0.0105651, 0.0130341
2.04525, 1.56876, -0.407733, 0.406591, 1.56705, 1.56697, 1.56626, 0.00237704, -0, 0, 0.00854321, 0.0113909, 0.0104417, 7.84918, 20.9519, 6.17824, 1.69363, -0.469817, 1.32407, 0, 0.1, -0.02, -0.0015, 0.0005, 0.002, 1.56872, -0.407275, 0.406568, 1.56718, 1.56684, 1.56615, 0.0059568, 0.000586023, 0.00143916, 0.00499435, 0.00620842, 0.0101282, -0.0232244, 0.022355, 0.0108461, -0.0039854, -0.0143811, 0.000373997, 1.56869, -0.407237, 0.40651, 1.56709, 1.56707, 1.56617, 0.00551234, 0.000342311, 0.00147323, 0.00951787, 0.00957383, 0.0118111
2.14525, 1.56927, -0.407694, 0.406625, 1.56804, 1.56793, 1.56736, 0.00396173, -0, 0, 0.00759396, 0.0104417, 0.00949246, 7.6351, 21.2964, 6.29797, 1.52921, -0.515085, 1.23371, 0.18, -0.2, -0.04, -0.0035, 0, -0.0005, 1.56922, -0.407237, 0.406611, 1.56824, 1.56797, 1.56731, 0.00456025, 0.000247055, -0.000438247, 0.0101891, 0.0278613, 0.0102231, 0.00569422, -0.130992, -0.0616413, 0.0126147, 0.0193634, 0.000243065, 1.56921, -0.407205, 0.406649, 1.56799, 1.56797, 1.56728, 0.00486316, 0.000301997, 0.00129973, 0.00839696, 0.00844633, 0.0104201
2.24525, 1.56969, -0.407652, 0.40672, 1.56887, 1.56886, 1.56825, -0, -0, 0, 0.00474623, 0.00664472, 0.00664472, 7.92857, 21.5856, 6.34283, 1.52307, -0.576463, 1.41912, 0.12, 0, 0.08, -0.001, -0.007, -0.001, 1.56971, -0.407225, 0.406646, 1.56923, 1.56858, 1.56832, 0.00479482, -2.82887e-05, 0.00106532, 0.00528083, 0.00536024, 0.00913379, 0.0115674, -0.0313756, -0.0151847, 0.0104698, 0.00676101, -0.000691057, 1.56966, -0.407177, 0.406769, 1.56876, 1.56875, 1.56825, 0.00415611, 0.00025809, 0.00111076, 0.00717613, 0.00721833, 0.00890516
2.34525, 1.57001, -0.407593, 0.406843, 1.56945, 1.56957, 1.56902, 0.00396173, -0, 0, 0.00664472, 0.00759396, 0.00474623, 7.59946, 21.8456, 6.31559, 1.35605, -0.908449, 1.50068, 0.12, 0.14, -0.04, 0.0005, 0.0005, 0.0015, 1.57015, -0.407225, 0.406698, 1.56961, 1.56956, 1.56902, 0.00396873, -2.81762e-05, 0.00185822, -0.00678626, -0.000827658, 0.00627633, 0.000990486, -0.00883248, -0.0033218, 0.0246761, -0.0255827, -7.79701e-06, 1.57004, -0.407153, 0.406871, 1.56942, 1.56941, 1.56906, 0.0034152, 0.00021208, 0.000912748, 0.00589685, 0.00593152, 0.00731764
2.44525, 1.57037, -0.407556, 0.406909, 1.56993, 1.57006, 1.56963, 0.00316938, -0, 0, 0.00379698, 0.00474623, 0.00474623, 7.54488, 22.1024, 6.34097, 1.51723, -0.842613, 1.49258, 0.06, -0.04, -0.04, -0.0005, 0.002, -0.002, 1.57043, -0.407235, 0.406938, 1.56976, 1.56941, 1.56977, 0.00190585, -0.000110476, 0.00224519, 0.00795874, 0.00888754, 0.00711503, -0.0202415, -0.0305513, -0.0172192, -0.010868, 0.0167938, -0.000911657, 1.57035, -0.407134, 0.406952, 1.56994, 1.56994, 1.56971, 0.00266791, 0.000165675, 0.000713028, 0.00460655, 0.00463363, 0.00571646
2.54525, 1.5708, -0.407496, 0.406985, 1.57032, 1.57046, 1.57009, 0.00475407, -0, 0, 0.00379698, 0.00284774, 0, 6.95428, 22.2975, 6.32469, 1.45034, -0.879535, 1.83401, 0.06, 0.08, -0.02, 0.0015, 0.0035, -0.0045, 1.57062, -0.40722, 0.406972, 1.57058, 1.57047, 1.57023, 0.00196352, 0.000212912, -0.00119932, 0.00685193, 0.00640334, 0.00747015, -0.0295682, 0.0783414, 0.0408089, -0.0201513, -0.020379, -3.41894e-06, 1.57058, -0.40712, 0.407014, 1.57034, 1.57034, 1.57021, 0.00194519, 0.000120794, 0.000519872, 0.00335866, 0.0033784, 0.0041679
2.64525, 1.57114, -0.407438, 0.407037, 1.57063, 1.57074, 1.57048, 0.00396173, -0, 0, -0, -0, 0.00379698, 6.48174, 22.4443, 6.30313, 1.59691, -0.850339, 1.47466, 0.12, 0, 0.04, 0.0035, -0.0035, -0.0005, 1.57081, -0.407217, 0.407013, 1.57041, 1.57066, 1.57054, 0.00130004, 2.03934e-05, 0.00227119, -0.0138667, 0.00411406, 0.00262562, 0.0544897, -0.0979234, -0.0473546, 0.0563587, 0.00354235, -3.46625e-05, 1.57074, -0.40711, 0.407056, 1.57062, 1.57062, 1.57055, 0.00128143, 7.95754e-05, 0.000342475, 0.00221258, 0.00222559, 0.00274568
2.74525, 1.57133, -0.407393, 0.407062, 1.57082, 1.57086, 1.57078, -0, -0, -0.00237704, -0, -0, 0, 6.32772, 22.6309, 6.4917, 1.48219, -0.921709, 1.55487, 0, -0.02, -0.12, -0.0005, 0, 0, 1.57087, -0.407198, 0.407109, 1.57036, 1.57096, 1.57071, 0.000579065, 0.000244747, 0.00174648, -0.00290989, -0.0030484, 0.0022377, -0.0464665, -0.0282171, -0.0144172, -0.0149553, 0.00746778, -2.44131e-05, 1.57084, -0.407104, 0.407083, 1.57079, 1.57079, 1.57076, 0.000714499, 4.43696e-05, 0.000190957, 0.00123369, 0.00124094, 0.00153093
2.84525, 1.57143, -0.407345, 0.407075, 1.57094, 1.57091, 1.57095, -0, -0, 0, -0, -0, 0, 5.85075, 22.6758, 6.29789, 1.35245, -0.950795, 1.35771, 0, -0.08, -0.06, 0.0025, 0.0025, 0.002, 1.57086, -0.407173, 0.407158, 1.57054, 1.57102, 1.57082, -1.87735e-05, 0.000332019, 8.44491e-05, -0.00341298, 0.00703779, -0.00044144, -0.0121722, -0.0291008, -0.0148172, 0.000688995, 0.0100025, 6.87892e-06, 1.57088, -0.407101, 0.407096, 1.57087, 1.57087, 1.57087, 0.000285728, 1.77434e-05, 7.63637e-05, 0.00049335, 0.000496251, 0.000612219
2.94525, 1.57147, -0.407285, 0.407086, 1.57097, 1.57093, 1.57097, -0, -0, 0, -0, -0, 0, 5.3969, 22.7193, 6.28728, 1.27007, -0.997326, 1.28052, 0, -0.12, 0.12, -0.001, -0.006, -0.002, 1.57087, -0.407147, 0.407082, 1.57093, 1.57098, 1.57088, 0.000524615, 9.7932e-05, 0.000340936, -0.00786891, 0.00729524, 0.00278403, 0.0378389, -0.029789, -0.0142002, 0.024503, 0.0133886, -3.64784e-05, 1.5709, -0.4071, 0.4071, 1.5709, 1.5709, 1.5709, 3.99063e-05, 2.47814e-06, 1.06654e-05, 6.89041e-05, 6.93093e-05, 8.55061e-05
3.04525, 1.57149, -0.407229, 0.407105, 1.57097, 1.57093, 1.57097, -0, -0, 0, -0, -0.00379698, 0, 4.4452, 22.9776, 6.23201, 0.883811, -1.04249, 0.935157, 0.1, -0.08, 0.04, 0, -0.0015, 0.004, 1.57084, -0.407128, 0.407093, 1.57065, 1.57103, 1.57083, -0.00368359, 0.000881046, -0.00116678, -0.00513717, 0.00129542, -0.0060293, -0.114565, 0.0386165, -0.00552041, 0.0024311, 0.00243421, -0.000434938, 1.57085, -0.407088, 0.407088, 1.57085, 1.57085, 1.57085, -0.00313547, 0.00081256, -0.00081256, -0.00313547, -0.00313547, -0.00313547
3.14525, 1.57146, -0.406989, 0.407098, 1.57039, 1.57044, 1.57041, -0, 0.00554642, 0, -0.0189849, -0.0199342, -0.0227819, -1.56864, 23.8247, 5.11186, -1.71774, -3.78786, -1.25603, 0.02, 0.02, 0.12, 0.0065, -0.004, 0, 1.56926, -0.406724, 0.40676, 1.56905, 1.56894, 1.56932, -0.0330798, 0.00838412, -0.00789159, -0.0284197, -0.0265989, -0.0316984, -0.4285, 0.360452, 0.101707, -0.0715742, -0.00644515, -0.000287766, 1.56932, -0.40669, 0.40669, 1.56932, 1.56932, 1.56932, -0.032371, 0.00838897, -0.00838897, -0.032371, -0.032371, -0.032371
3.24525, 1.57028, -0.406155, 0.406771, 1.56523, 1.56496, 1.56513, -0.0324862, 0.00950815, -0.00950815, -0.0844829, -0.0930261, -0.0930261, -13.6522, 26.8672, 2.7623, -3.02909, -3.95427, -1.86866, -0.02, 0.04, -0.1, -0.0025, 0.004, 0, 1.56342, -0.40522, 0.40519, 1.56353, 1.56351, 1.56354, -0.0874888, 0.0225537, -0.0240008, -0.0868437, -0.0961236, -0.0866438, -0.747099, 0.636368, 0.19751, -0.157657, -0.00987872, -0.000396888, 1.56353, -0.405191, 0.405191, 1.56353, 1.56353, 1.56353, -0.0870462, 0.0225581, -0.0225581, -0.0870462, -0.0870462, -0.0870462
3.34525, 1.56242, -0.404096, 0.40412, 1.55267, 1.55236, 1.55252, -0.129152, 0.0340709, -0.0419943, -0.168966, -0.160422, -0.168966, -24.752, 29.5322, 1.75044, -3.05553, -4.82077, -2.2533, 0.08, -0.06, 0.06, -0.007, 0.0065, -0.002, 1.55114, -0.402056, 0.401875, 1.55177, 1.55143, 1.55127, -0.160377, 0.0414712, -0.0435235, -0.159377, -0.163997, -0.158863, -0.874932, 0.731324, 0.2152, -0.160563, -0.00532859, -0.000356026, 1.55126, -0.402011, 0.402011, 1.55126, 1.55126, 1.55126, -0.161077, 0.0417434, -0.0417434, -0.161077, -0.161077, -0.161077
3.44525, 1.54381, -0.399504, 0.398698, 1.53194, 1.53177, 1.53171, -0.238496, 0.0602183, -0.0689341, -0.245855, -0.261992, -0.244905, -34.1977, 32.1001, 0.909074, -4.19638, -4.30986, -3.20598, 0.2, -0.2, -0.06, 0.0005, 0.0015, -0.0005, 1.53082, -0.396823, 0.39644, 1.53151, 1.53165, 1.53084, -0.248023, 0.063812, -0.0671116, -0.25126, -0.230125, -0.247943, -1.01888, 0.799579, 0.225997, -0.188015, -0.0101319, -0.000322299, 1.53086, -0.396724, 0.396724, 1.53086, 1.53086, 1.53086, -0.248847, 0.0644889, -0.0644889, -0.248847, -0.248847, -0.248847
3.54525, 1.51311, -0.392097, 0.390143, 1.50214, 1.50205, 1.50196, -0.37161, 0.0927044, -0.0990432, -0.343627, -0.350272, -0.342678, -38.2746, 33.6722, 1.34957, -4.52076, -5.33755, -3.55748, 0.12, -0.04, 0, -0.0035, 0, 0.0025, 1.50114, -0.389272, 0.388624, 1.50148, 1.50154, 1.50124, -0.346259, 0.0877361, -0.0907777, -0.348569, -0.356181, -0.348006, -1.03113, 1.06032, 0.328328, -0.196605, -0.008337, -0.000976886, 1.50121, -0.38904, 0.38904, 1.50121, 1.50121, 1.50121, -0.345202, 0.0894594, -0.0894594, -0.345202, -0.345202, -0.345202
3.64525, 1.47093, -0.380793, 0.379429, 1.46259, 1.46237, 1.46228, -0.473823, 0.130737, -0.118852, -0.436653, -0.446145, -0.439501, -41.3707, 31.5883, 0.576114, -5.55324, -5.93636, -4.0274, -0.12, -0.02, 0.02, 0, 0, 0.0005, 1.46145, -0.379243, 0.378374, 1.4612, 1.46134, 1.46173, -0.448184, 0.112843, -0.113643, -0.461242, -0.451715, -0.447403, -0.990531, 1.3297, 0.4398, -0.193124, -0.00723593, -0.000409127, 1.46169, -0.378798, 0.378798, 1.46169, 1.46169, 1.46169, -0.445456, 0.11544, -0.11544, -0.445456, -0.445456, -0.445456
3.74525, 1.41925, -0.367525, 0.366751, 1.41276, 1.41274, 1.41254, -0.561773, 0.14183, -0.145792, -0.545816, -0.537273, -0.552461, -44.8741, 33.7437, 0.254416, -5.06487, -6.90422, -3.28323, -0.06, 0.18, -0.06, 0.0075, -0.0055, -0.0005, 1.41147, -0.366667, 0.365636, 1.4107, 1.41196, 1.41213, -0.551151, 0.138434, -0.14098, -0.551939, -0.571983, -0.544361, -0.869761, 1.45776, 0.493802, -0.163079, -0.0195742, -0.00150703, 1.41213, -0.365954, 0.365954, 1.41213, 1.41213, 1.41213, -0.545386, 0.141337, -0.141337, -0.545386, -0.545386, -0.545386
3.84525, 1.35895, -0.35186, 0.35111, 1.3534, 1.35323, 1.35317, -0.649723, 0.169562, -0.164016, -0.650233, -0.634096, -0.650233, -48.6092, 33.3361, -0.473838, -4.9519, -7.01805, -3.51373, -0.04, -0.04, -0.12, -0.003, -0.0005, -0.0035, 1.35152, -0.351569, 0.350285, 1.3512, 1.35245, 1.35277, -0.646994, 0.163336, -0.167487, -0.634811, -0.629383, -0.637368, -0.784651, 1.57214, 0.544371, -0.172842, -0.0195091, -0.00149831, 1.35275, -0.350566, 0.350566, 1.35275, 1.35275, 1.35275, -0.641238, 0.166177, -0.166177, -0.641238, -0.641238, -0.641238
3.94525, 1.28979, -0.333991, 0.333281, 1.28466, 1.28458, 1.28444, -0.732127, 0.190955, -0.199671, -0.728071, -0.720477, -0.731868, -52.3307, 34.048, 0.198765, -5.96012, -7.43108, -4.1589, -0.08, 0.08, -0.36, 0.007, 0.0025, -0.0005, 1.28228, -0.334096, 0.332379, 1.28227, 1.28407, 1.28424, -0.736588, 0.18563, -0.18958, -0.72603, -0.755981, -0.73049, -0.651184, 1.74775, 0.623551, -0.160319, 0.00710517, -0.00162532, 1.28413, -0.332783, 0.332783, 1.28413, 1.28413, 1.28413, -0.729719, 0.189107, -0.189107, -0.729719, -0.729719, -0.729719
4.04525, 1.21267, -0.313654, 0.313326, 1.20765, 1.20749, 1.20758, -0.808192, 0.207595, -0.208387, -0.805909, -0.814453, -0.790722, -56.0106, 33.5364, -1.07852, -6.31058, -6.41856, -5.97424, -0.56, 0.02, 0.12, 0.0015, -0.01, -0.003, 1.20476, -0.314463, 0.312306, 1.20552, 1.20679, 1.20712, -0.812472, 0.206008, -0.209074, -0.822054, -0.847062, -0.804393, -0.389987, 1.9509, 0.730798, -0.10786, -0.0027711, -0.00139597, 1.20715, -0.312833, 0.312833, 1.20715, 1.20715, 1.20715, -0.808005, 0.209395, -0.209395, -0.808005, -0.808005, -0.808005
4.14525, 1.12741, -0.291548, 0.291437, 1.12334, 1.1232, 1.1233, -0.886635, 0.227403, -0.221857, -0.879951, -0.870458, -0.881849, -56.665, 32.0266, -1.82859, -5.81693, -7.14901, -4.33996, -0.38, 0.12, -0.36, -0.008, -0.005, -0.0025, 1.12007, -0.292943, 0.290612, 1.12084, 1.12141, 1.12294, -0.878641, 0.224052, -0.224389, -0.871195, -0.912233, -0.870711, -0.279169, 1.8428, 0.683674, -0.100403, 0.0135217, -0.00154053, 1.12295, -0.291012, 0.291012, 1.12295, 1.12295, 1.12295, -0.873735, 0.226429, -0.226429, -0.873735, -0.873735, -0.873735
4.24525, 1.03611, -0.267768, 0.268009, 1.03317, 1.03301, 1.03301, -0.938137, 0.244042, -0.239288, -0.923616, -0.916022, -0.935007, -57.2701, 30.0386, -1.96773, -6.40661, -7.47279, -4.09564, -0.38, 0.6, 0.04, 0.0065, -0.005, -0.0075, 1.02966, -0.269759, 0.267392, 1.0311, 1.0315, 1.03299, -0.9281, 0.238638, -0.238795, -0.92135, -0.926166, -0.920437, 0.114527, 1.25154, 0.402715, 0.100452, -0.104064, -0.000806658, 1.03288, -0.267672, 0.267672, 1.03288, 1.03288, 1.03288, -0.925016, 0.239719, -0.239719, -0.925016, -0.925016, -0.925016
4.34525, 0.940898, -0.243042, 0.243617, 0.938696, 0.938463, 0.938709, -0.967454, 0.249589, -0.24325, -0.966332, -0.957789, -0.966332, -58.3953, 28.6868, -2.98408, -5.92001, -6.85042, -4.64324, -0.68, -0.04, 0, -0.0155, 0.015, -0.0105, 0.93511, -0.245292, 0.242672, 0.937672, 0.937677, 0.938571, -0.960124, 0.248964, -0.250663, -0.962115, -0.961701, -0.952115, 0.153096, 1.52724, 0.58729, 0.00899273, -0.0306368, -0.0018375, 0.938472, -0.243206, 0.243206, 0.938472, 0.938472, 0.938472, -0.960419, 0.248893, -0.248893, -0.960419, -0.960419, -0.960419
4.44525, 0.842965, -0.217732, 0.218354, 0.841443, 0.841291, 0.841303, -0.989639, 0.252758, -0.254343, -0.976774, -0.975824, -0.985317, -58.1514, 27.3414, -2.90733, -6.38107, -6.75191, -4.25776, -0.52, 0.3, 0.28, -0.0075, -0.014, 0.0015, 0.838145, -0.220006, 0.217182, 0.841263, 0.839446, 0.841394, -0.976199, 0.256122, -0.259934, -0.966912, -0.995077, -0.982382, 0.358208, 0.835386, 0.284737, 0.0934947, -0.0253447, -0.00118826, 0.841359, -0.218039, 0.218039, 0.841359, 0.841359, 0.841359, -0.978979, 0.253703, -0.253703, -0.978979, -0.978979, -0.978979
4.54525, 0.743934, -0.192133, 0.192786, 0.743282, 0.743173, 0.743285, -0.992809, 0.258305, -0.253551, -0.987215, -0.971078, -0.992911, -57.2003, 24.553, -3.53938, -5.62019, -7.05313, -3.95002, -0.46, 0.52, -0.38, -0.0245, -0.0255, 0.0095, 0.740625, -0.194317, 0.191115, 0.744176, 0.74073, 0.743086, -0.973308, 0.257041, -0.261223, -0.975269, -0.989557, -0.98792, 0.354216, 0.692079, 0.239667, 0.0720707, -0.0429453, -0.000334115, 0.743255, -0.192615, 0.192615, 0.743255, 0.743255, 0.743255, -0.980199, 0.254019, -0.254019, -0.980199, -0.980199, -0.980199
4.64525, 0.645724, -0.166595, 0.167429, 0.645807, 0.645721, 0.645732, -0.971416, 0.251966, -0.240081, -0.95684, -0.960636, -0.95684, -56.4715, 22.2679, -4.5259, -6.4051, -6.34726, -5.02409, -0.66, 0.38, -0.84, -0.016, -0.008, 0.008, 0.644015, -0.168843, 0.165527, 0.647304, 0.644861, 0.645789, -0.956112, 0.252084, -0.252384, -0.962017, -0.976275, -0.970168, 0.389299, 0.657832, 0.272946, 0.0339432, -0.048129, -0.000634807, 0.645899, -0.167385, 0.167385, 0.645899, 0.645899, 0.645899, -0.964047, 0.249834, -0.249834, -0.964047, -0.964047, -0.964047
4.74525, 0.549844, -0.141819, 0.142704, 0.550882, 0.550736, 0.55089, -0.939722, 0.244835, -0.234534, -0.934058, -0.927413, -0.937855, -54.3426, 19.7106, -4.57093, -5.50777, -5.99507, -4.03671, -0.64, 0.56, -0.18, -0.023, -0.0125, -0.0045, 0.550005, -0.143917, 0.140354, 0.553445, 0.549839, 0.551051, -0.921478, 0.245067, -0.251293, -0.913052, -0.916334, -0.928044, 0.544312, -0.00540146, 0.0064597, 0.102919, -0.0807028, 1.12854e-06, 0.551011, -0.142795, 0.142795, 0.551011, 0.551011, 0.551011, -0.930955, 0.241258, -0.241258, -0.930955, -0.930955, -0.930955
4.84525, 0.457855, -0.118151, 0.119116, 0.459999, 0.459958, 0.45994, -0.890596, 0.228195, -0.221857, -0.886595, -0.879001, -0.879951, -51.2523, 17.8651, -4.72507, -5.0771, -5.6546, -4.2733, -0.12, 0.52, -0.7, -0.0195, -0.021, 0, 0.460317, -0.120125, 0.116133, 0.463367, 0.458859, 0.460317, -0.871249, 0.22994, -0.231512, -0.880996, -0.831183, -0.884133, 0.450556, 0.159466, 0.151884, 0.0211379, -6.93053e-05, -2.42334e-05, 0.460243, -0.119272, 0.119272, 0.460243, 0.460243, 0.460243, -0.881822, 0.228525, -0.228525, -0.881822, -0.881822, -0.881822
4.94525, 0.371965, -0.0962676, 0.0969696, 0.374875, 0.374684, 0.375009, -0.828793, 0.213933, -0.222649, -0.822047, -0.812554, -0.821097, -47.9914, 16.2952, -3.50666, -4.93126, -5.29393, -4.03606, -0.26, 0.78, -0.74, -0.022, -0.001, -0.0005, 0.376103, -0.0980872, 0.0945597, 0.37765, 0.375309, 0.375123, -0.810078, 0.211402, -0.203761, -0.824384, -0.78584, -0.818447, 0.585546, -0.477616, -0.145153, 0.118746, -0.0400775, 0.000677071, 0.375136, -0.0972169, 0.0972169, 0.375136, 0.375136, 0.375136, -0.818011, 0.211988, -0.211988, -0.818011, -0.818011, -0.818011
5.04525, 0.292841, -0.0762791, 0.0767173, 0.296771, 0.296584, 0.296786, -0.754313, 0.190955, -0.198879, -0.728071, -0.752752, -0.738513, -43.6941, 15.3851, -3.77722, -5.8907, -3.70113, -4.04779, -0.38, 0.42, 0.1, -0.026, -0.0195, -0.012, 0.298737, -0.0779255, 0.0753572, 0.298989, 0.298424, 0.297225, -0.734724, 0.191441, -0.18111, -0.747458, -0.766049, -0.734537, 0.662767, -0.883778, -0.315595, 0.156239, -0.0151775, 0.00155151, 0.29707, -0.0769859, 0.0769859, 0.29707, 0.29707, 0.29707, -0.741351, 0.192122, -0.192122, -0.741351, -0.741351, -0.741351
5.14525, 0.222295, -0.0580235, 0.0585409, 0.226805, 0.22664, 0.226884, -0.662401, 0.166393, -0.163223, -0.661624, -0.646436, -0.659726, -39.7593, 13.342, -4.72118, -3.96802, -4.51281, -3.1638, -0.08, 1.24, -0.74, -0.0205, -0.0025, -0.0005, 0.229479, -0.059819, 0.0581258, 0.228869, 0.230097, 0.227359, -0.650447, 0.168661, -0.157502, -0.667811, -0.638906, -0.66135, 0.675734, -1.07605, -0.397445, 0.171256, -0.0740077, 0.00134162, 0.227218, -0.0588838, 0.0588838, 0.227218, 0.227218, 0.227218, -0.654138, 0.16952, -0.16952, -0.654138, -0.654138, -0.654138
5.24525, 0.161076, -0.0419238, 0.0425997, 0.166099, 0.165869, 0.166151, -0.564942, 0.152923, -0.144207, -0.56575, -0.552461, -0.559106, -35.4636, 9.78063, -4.15587, -3.67147, -3.96078, -3.28376, -0.04, 0.7, -0.52, -0.029, -0.0015, -0.0065, 0.169003, -0.0440645, 0.0434576, 0.167065, 0.169024, 0.166355, -0.558022, 0.144645, -0.130885, -0.569871, -0.558968, -0.554584, 0.694717, -1.11886, -0.385553, 0.161362, -0.0302464, 0.00214234, 0.166503, -0.0431493, 0.0431493, 0.166503, 0.166503, 0.166503, -0.559131, 0.144899, -0.144899, -0.559131, -0.559131, -0.559131
5.34525, 0.109654, -0.0288136, 0.0295965, 0.115031, 0.114977, 0.115125, -0.465899, 0.118059, -0.122814, -0.456587, -0.470826, -0.463232, -30.9086, 9.83876, -3.67994, -3.89717, -2.36002, -2.64383, -0.18, 0.78, -0.94, -0.0325, 0.003, -0.0005, 0.118117, -0.0306629, 0.0308945, 0.115702, 0.116399, 0.115474, -0.459256, 0.122067, -0.117782, -0.461014, -0.478815, -0.46093, 0.689949, -1.20021, -0.401145, 0.148917, -0.00245834, 0.00147153, 0.115545, -0.0299435, 0.0299435, 0.115545, 0.115545, 0.115545, -0.459556, 0.119094, -0.119094, -0.459556, -0.459556, -0.459556
5.44525, 0.0684579, -0.0177121, 0.0187778, 0.0741646, 0.0740364, 0.0742918, -0.357348, 0.100628, -0.0903274, -0.358815, -0.355018, -0.354069, -26.7915, 6.20219, -3.88146, -3.37073, -2.99792, -3.06049, 0.12, 0.58, -0.34, -0.0305, -0.0055, -0.0045, 0.0771299, -0.0198588, 0.0206615, 0.0744692, 0.0764022, 0.0746452, -0.360704, 0.0940271, -0.0853389, -0.364888, -0.344959, -0.358135, 0.663434, -1.12245, -0.363921, 0.136845, -0.0126915, 0.00173991, 0.0746211, -0.0193381, 0.0193381, 0.0746211, 0.0746211, 0.0746211, -0.359104, 0.0930622, -0.0930622, -0.359104, -0.359104, -0.359104
5.54525, 0.0373242, -0.00967929, 0.0110184, 0.0430578, 0.0430255, 0.0432106, -0.259889, 0.0618029, -0.0681417, -0.26389, -0.262941, -0.266738, -22.4341, 6.65737, -3.45203, -2.77424, -2.22308, -1.98361, 0, 1, -0.58, -0.021, -0.0005, 0, 0.0458861, -0.0116643, 0.0131749, 0.0430978, 0.0450174, 0.0435665, -0.264398, 0.071087, -0.0697321, -0.260534, -0.262615, -0.263353, 0.64225, -1.18021, -0.40145, 0.140614, -0.0232577, 0.00156195, 0.0436151, -0.0113029, 0.0113029, 0.0436151, 0.0436151, 0.0436151, -0.261932, 0.0678799, -0.0678799, -0.261932, -0.261932, -0.261932
5.64525, 0.0154396, -0.00475011, 0.00544817, 0.0214567, 0.0213552, 0.021509, -0.175901, 0.0404096, -0.0491254, -0.168966, -0.17561, -0.178458, -17.2988, 6.71669, -2.96815, -2.81397, -1.66667, -1.47701, 0.04, 1, -0.44, -0.025, 0, -0.005, 0.0239708, -0.00578751, 0.00743755, 0.0213729, 0.0232112, 0.0219724, -0.17566, 0.0471461, -0.0458275, -0.171851, -0.172864, -0.169786, 0.576788, -1.04943, -0.356746, 0.130685, -0.0187353, 0.00131255, 0.0219718, -0.00569401, 0.00569401, 0.0219718, 0.0219718, 0.0219718, -0.172661, 0.0447452, -0.0447452, -0.172661, -0.172661, -0.172661
5.74525, 0.00190559, -0.00110294, 0.00139294, 0.0081113, 0.00806764, 0.00832583, -0.100628, 0.0301091, -0.0316938, -0.0958738, -0.0930261, -0.101569, -12.3149, 4.45931, -1.77559, -2.17174, -1.72457, -1.48026, 0, 1.1, -0.6, -0.0235, 0.0015, 0, 0.0103467, -0.00212388, 0.00387249, 0.00808135, 0.0097611, 0.00867928, -0.0993997, 0.0269454, -0.0262138, -0.0953359, -0.0955674, -0.0985901, 0.476911, -0.918815, -0.327345, 0.113243, -0.0312869, 0.000640774, 0.00865048, -0.00224178, 0.00224178, 0.00865048, 0.00865048, 0.00865048, -0.0963788, 0.0249766, -0.0249766, -0.0963788, -0.0963788, -0.0963788
5.84525, -0.00462967, 0.00108393, -0.000194125, 0.00128528, 0.00179597, 0.00155486, -0.0356555, 0.0142622, -0.00950815, -0.0408176, -0.0398683, -0.0398683, -8.3258, 2.76967, -1.90228, -1.16878, -1.50676, -1.15946, 0.08, 0.94, -0.5, -0.025, -0.002, -0.006, 0.00348654, -0.000219437, 0.00187446, 0.00161643, 0.00271967, 0.00207895, -0.0413271, 0.0118965, -0.0133461, -0.0357453, -0.0424505, -0.0342649, 0.315447, -0.53779, -0.172977, 0.0642193, -0.0015738, 0.000625241, 0.00207851, -0.000538648, 0.000538648, 0.00207851, 0.00207851, 0.00207851, -0.0386382, 0.0100131, -0.0100131, -0.0386382, -0.0386382, -0.0386382
5.94525, -0.00628647, 0.00191985, -0.0004865, -0.000580938, -0.000205037, -0.000439501, -0.00316938, -0, 0, -0.00474623, -0.00759396, -0.00854321, -4.35669, 1.99917, -1.65817, -1.04756, -1.18478, -0.63543, 0.06, 0.78, -0.56, -0.026, -0.002, -0.003, 0.00126509, 0.000444589, 0.00105212, -0.000213819, 0.00076146, 0.000117673, -0.00789049, 0.00215806, -0.00206283, -0.00568784, -0.00234731, -0.00464802, 0.13452, -0.258387, -0.0950159, 0.0336879, -0.016177, 0.000448392, 0.000104701, -2.71332e-05, 2.71332e-05, 0.000104701, 0.000104701, 0.000104701, -0.0054575, 0.00141432, -0.00141432, -0.0054575, -0.0054575, -0.0054575
6.04525, -0.00626824, 0.00195551, -0.000485708, -0.000635045, -0.000355018, -0.000523034, -0, -0, 0, -0, -0, 0, -0.480219, 0.979107, -1.19691, -0.950129, -1.31009, -0.795474, 0, 0.86, -0.44, -0.034, 0.0015, -0.003, 0.000891497, 0.000574268, 0.000844875, -0.000335472, 0.000460713, -3.5509e-05, -0.00525372, 0.00132086, -0.00120597, -0.00351871, -0.00623086, -0.00246801, -0.077479, 0.0779423, 0.0061369, -0.00256514, -0.0134264, -1.34305e-05, -4.44901e-05, 1.15296e-05, -1.15296e-05, -4.44901e-05, -4.44901e-05, -4.44901e-05, -0.00309964, 0.000803275, -0.000803275, -0.00309964, -0.00309964, -0.00309964
