Time, tau_r1, tau_r2, tau_r3, tau_r4, tau_r5, tau_r6, tau_n1, tau_n2, tau_n3, tau_n4, tau_n5, tau_n6,
0.086, -0.189415, 23.8663, 21.1582, -3.89008, 1.65977, -0.311206, -0.0182622, 23.7253, 19.1925, -4.30907, 2.22851, -0.00141312, 
0.186, -0.189415, 28.2229, 25.7254, -3.16393, -0.363074, -0.829883, -0.0355013, 23.7903, 19.2626, -4.32422, 2.22416, -0.00141241, 
0.286, -0.189415, 34.663, 27.1235, -2.80086, -0.985486, -1.34856, -0.0481083, 23.8473, 19.3381, -4.3521, 2.21527, -0.00140729, 
0.386, -0.757662, 38.8302, 29.2673, -2.85272, -0.67428, -1.6079, -0.056241, 23.8999, 19.4264, -4.39809, 2.19984, -0.00139586, 
0.486, -1.32591, 40.9137, 28.9876, -2.33405, -1.97097, -1.86724, -0.060059, 23.9499, 19.5322, -4.4657, 2.1762, -0.00137686, 
0.586, -1.89415, 44.3232, 30.6654, -2.48965, -0.259339, -1.97097, -0.0597251, 23.9969, 19.6572, -4.55656, 2.14294, -0.00135, 
0.686, -2.4624, 47.7327, 33.9276, -2.54152, -2.07471, -2.48965, -0.0554519, 24.0381, 19.8004, -4.67034, 2.09888, -0.00131595, 
0.786, -3.97772, 50.0057, 32.3431, -2.69712, -1.34856, -2.17844, -0.0475914, 24.0685, 19.9584, -4.80489, 2.04303, -0.00127621, 
0.886, -4.73539, 51.3316, 33.8344, -2.59339, -1.03735, -2.33405, -0.0367406, 24.0813, 20.1257, -4.95627, 1.97467, -0.00123265, 
0.986, -6.44012, 52.0892, 35.885, -2.95646, -2.90459, -2.28218, -0.0238111, 24.0688, 20.2954, -5.11906, 1.89333, -0.00118698, 
1.086, -7.57662, 51.521, 37.0967, -3.83821, -1.55603, -2.54152, -0.0100147, 24.0232, 20.4599, -5.28675, 1.79898, -0.00114019, 
1.186, -8.71311, 50.9527, 35.7918, -2.95646, -1.19296, -2.59339, 0.00326445, 23.9373, 20.611, -5.45228, 1.69202, -0.00109215, 
1.286, -10.4178, 51.3316, 36.4443, -3.06019, -2.33405, -2.59339, 0.0146983, 23.8055, 20.7413, -5.60871, 1.57341, -0.00104147, 
1.386, -11.5543, 54.3622, 37.1899, -3.63074, -3.527, -2.74899, 0.0232862, 23.6249, 20.8444, -5.74985, 1.44469, -0.000985744, 
1.486, -11.7438, 52.4681, 37.2831, -3.47514, -3.94195, -2.90459, 0.0285802, 23.3951, 20.9156, -5.87077, 1.30803, -0.000922138, 
1.586, -12.312, 50.7633, 35.7918, -3.31953, -2.48965, -2.48965, 0.0307765, 23.1193, 20.9523, -5.96826, 1.16614, -0.00084817, 
1.686, -13.4485, 49.248, 35.419, -2.90459, -2.95646, -2.80086, 0.0306323, 22.8039, 20.9545, -6.04099, 1.02217, -0.000762522, 
1.786, -13.4485, 51.7104, 37.7492, -4.46062, -3.42327, -2.69712, 0.029228, 22.4587, 20.9249, -6.08948, 0.879516, -0.000665624, 
1.886, -13.4485, 52.6575, 35.419, -3.06019, -4.77183, -2.48965, 0.0276553, 22.0962, 20.8684, -6.11596, 0.741571, -0.000559867, 
1.986, -13.8273, 49.248, 35.419, -3.94195, -3.68261, -2.33405, 0.0267328, 21.7307, 20.792, -6.12397, 0.611508, -0.00044938, 
2.086, -13.6379, 45.4597, 35.9782, -4.20128, -4.51249, -2.17844, 0.026833, 21.3777, 20.704, -6.11796, 0.492047, -0.000339456, 
2.186, -13.2591, 44.1338, 34.1141, -3.99381, -2.90459, -2.38591, 0.0278536, 21.0525, 20.6133, -6.10279, 0.385304, -0.000235784, 
2.286, -13.8273, 43.1867, 34.0209, -3.89008, -3.2158, -1.97097, 0.0293121, 20.7692, 20.5284, -6.0832, 0.292706, -0.000143678, 
2.386, -13.4485, 41.6714, 31.5974, -4.61623, -3.68261, -2.17844, 0.0305134, 20.5398, 20.4572, -6.06343, 0.214951, -6.74458e-05, 
2.486, -13.8273, 41.8608, 29.5469, -4.87556, -3.00833, -1.65977, 0.0307289, 20.3731, 20.406, -6.04692, 0.152014, -9.97144e-06, 
2.586, -13.4485, 39.7772, 29.174, -4.66809, -3.31953, -1.40043, 0.0293406, 20.2744, 20.3792, -6.03606, 0.103152, 2.74846e-05, 
2.686, -13.2591, 39.209, 29.174, -4.40876, -2.43778, -1.4523, 0.0259244, 20.245, 20.3794, -6.03222, 0.066888, 4.53085e-05, 
2.786, -13.4485, 37.6937, 27.5895, -4.92743, -2.43778, -1.19296, 0.0202627, 20.2819, 20.4069, -6.03574, 0.0409662, 4.54051e-05, 
2.886, -13.0697, 35.6101, 25.3525, -4.92743, -2.07471, -1.08922, 0.0122958, 20.3784, 20.4604, -6.04611, 0.0222584, 3.09173e-05, 
2.986, -13.0697, 34.2842, 24.8865, -4.9793, -1.71163, -1.14109, 0.00202547, 20.5243, 20.5368, -6.06219, 0.00662106, 5.74689e-06, 
3.086, -13.0697, 33.1477, 25.1661, -4.92743, -1.97097, -1.19296, -6.97903e-05, 20.5548, 20.5526, -6.06557, 0.00374173, 4.59643e-07, 
3.186, -12.8802, 33.3371, 24.3272, -4.92743, -1.81537, -1.08922, -6.97903e-05, 20.5548, 20.5526, -6.06557, 0.00374173, 4.59643e-07, 
3.286, -12.6908, 34.0948, 22.6495, -4.92743, -0.829883, -1.19296, -6.97903e-05, 20.5548, 20.5526, -6.06557, 0.00374173, 4.59643e-07, 
3.386, -12.6908, 35.6101, 20.2261, -4.87556, 0.466809, -1.19296, -6.97903e-05, 20.5548, 20.5526, -6.06557, 0.00374173, 4.59643e-07, 
3.486, -12.5014, 36.7466, 16.9638, -4.9793, 1.4523, -1.40043, -6.97903e-05, 20.5548, 20.5526, -6.06557, 0.00374173, 4.59643e-07, 
3.586, -12.5014, 36.936, 14.4472, -4.87556, 2.17844, -1.40043, -6.97903e-05, 20.5548, 20.5526, -6.06557, 0.00374173, 4.59643e-07, 
3.686, -12.312, 36.936, 12.6763, -4.87556, 2.80086, -1.29669, -6.97903e-05, 20.5548, 20.5526, -6.06557, 0.00374173, 4.59643e-07, 
3.786, -11.9332, 36.936, 12.5831, -4.92743, 3.00833, -1.29669, -6.97903e-05, 20.5548, 20.5526, -6.06557, 0.00374173, 4.59643e-07, 
3.886, -11.7438, 38.4513, 12.7695, -4.92743, 2.85272, -1.40043, -6.97903e-05, 20.5548, 20.5526, -6.06557, 0.00374173, 4.59643e-07, 
3.986, -11.5543, 39.209, 12.4898, -4.87556, 2.23031, -1.34856, -6.97903e-05, 20.5548, 20.5526, -6.06557, 0.00374173, 4.59643e-07, 
4.086, -10.7967, 40.7243, 13.3287, -4.8237, 2.74899, -1.29669, -6.97903e-05, 20.5548, 20.5526, -6.06557, 0.00374173, 4.59643e-07, 
4.186, -10.2284, 38.8302, 13.888, -4.8237, 3.31953, -1.24483, -6.97903e-05, 20.5548, 20.5526, -6.06557, 0.00374173, 4.59643e-07, 
4.286, -9.47077, 37.8831, 13.7948, -4.8237, 3.3714, -1.19296, -6.97903e-05, 20.5548, 20.5526, -6.06557, 0.00374173, 4.59643e-07, 
4.386, -8.71311, 39.0196, 12.3966, -4.92743, 2.38591, -1.14109, -6.97903e-05, 20.5548, 20.5526, -6.06557, 0.00374173, 4.59643e-07, 
4.486, -7.3872, 39.0196, 11.8374, -4.87556, 2.90459, -1.14109, -6.97903e-05, 20.5548, 20.5526, -6.06557, 0.00374173, 4.59643e-07, 
4.586, -6.25071, 39.209, 11.9306, -4.8237, 3.3714, -1.08922, -6.97903e-05, 20.5548, 20.5526, -6.06557, 0.00374173, 4.59643e-07, 
4.686, -4.9248, 41.1031, 12.9559, -4.87556, 2.80086, -1.08922, -6.97903e-05, 20.5548, 20.5526, -6.06557, 0.00374173, 4.59643e-07, 
4.786, -3.22006, 38.6407, 12.6763, -4.8237, 3.00833, -0.881751, -6.97903e-05, 20.5548, 20.5526, -6.06557, 0.00374173, 4.59643e-07, 
4.886, -1.32591, 39.209, 10.4393, -4.8237, 2.64525, -0.829883, -6.97903e-05, 20.5548, 20.5526, -6.06557, 0.00374173, 4.59643e-07, 
4.986, 0.378831, 40.3455, 12.0238, -4.87556, 3.73448, -0.778016, -6.97903e-05, 20.5548, 20.5526, -6.06557, 0.00374173, 4.59643e-07, 
5.086, 2.08357, 41.8608, 12.4898, -4.87556, 3.11206, -0.778016, -6.97903e-05, 20.5548, 20.5526, -6.06557, 0.00374173, 4.59643e-07, 
5.186, 4.35655, 42.2396, 10.7189, -4.92743, 3.63074, -0.570545, -6.97903e-05, 20.5548, 20.5526, -6.06557, 0.00374173, 4.59643e-07, 
5.286, 6.06129, 42.8079, 11.1849, -4.92743, 3.42327, -0.466809, -6.97903e-05, 20.5548, 20.5526, -6.06557, 0.00374173, 4.59643e-07, 
5.386, 7.76603, 43.1867, 9.97324, -4.92743, 3.11206, -0.466809, -6.97903e-05, 20.5548, 20.5526, -6.06557, 0.00374173, 4.59643e-07, 
5.486, 9.28136, 42.4291, 10.7189, -4.92743, 3.63074, -0.311206, -6.97903e-05, 20.5548, 20.5526, -6.06557, 0.00374173, 4.59643e-07, 
5.586, 10.9861, 42.4291, 11.5578, -5.08304, 4.04568, -0.103735, -6.97903e-05, 20.5548, 20.5526, -6.06557, 0.00374173, 4.59643e-07, 
5.686, 11.1755, 41.2926, 10.6257, -5.1349, 4.92743, -0.0518677, -6.97903e-05, 20.5548, 20.5526, -6.06557, 0.00374173, 4.59643e-07, 
5.786, 12.8802, 38.8302, 10.7189, -5.23864, 5.34237, 0.103735, -6.97903e-05, 20.5548, 20.5526, -6.06557, 0.00374173, 4.59643e-07, 
5.886, 13.0697, 38.6407, 8.01587, -5.34237, 5.29051, 0.259339, -6.97903e-05, 20.5548, 20.5526, -6.06557, 0.00374173, 4.59643e-07, 
5.986, 13.0697, 37.8831, 10.1597, -5.44611, 5.65358, 0.363074, -6.97903e-05, 20.5548, 20.5526, -6.06557, 0.00374173, 4.59643e-07, 
6.086, 13.8273, 35.9889, 8.01587, -5.60171, 6.27599, 0.570545, -6.97903e-05, 20.5548, 20.5526, -6.06557, 0.00374173, 4.59643e-07, 
6.186, 15.3426, 35.2313, 10.9053, -5.86105, 5.1349, 0.778016, -6.97903e-05, 20.5548, 20.5526, -6.06557, 0.00374173, 4.59643e-07, 
6.286, 14.9638, 34.0948, 8.85474, -6.01665, 5.54984, 0.881751, -6.97903e-05, 20.5548, 20.5526, -6.06557, 0.00374173, 4.59643e-07, 
6.386, 15.3426, 32.39, 10.5325, -6.27599, 3.57887, 0.985486, -6.97903e-05, 20.5548, 20.5526, -6.06557, 0.00374173, 4.59643e-07, 
6.486, 14.9638, 27.2758, 10.2529, -6.53533, 4.66809, 0.881751, -6.97903e-05, 20.5548, 20.5526, -6.06557, 0.00374173, 4.59643e-07, 
6.586, 14.9638, 17.4262, 10.9985, -7.00214, 4.87556, 0.985486, -6.97903e-05, 20.5548, 20.5526, -6.06557, 0.00374173, 4.59643e-07, 
6.686, 14.9638, 8.71311, 10.5325, -7.05401, 5.65358, 1.29669, -6.97903e-05, 20.5548, 20.5526, -6.06557, 0.00374173, 4.59643e-07, 
6.786, 14.7744, 3.97772, 10.8121, -7.52082, 5.18677, 1.19296, -6.97903e-05, 20.5548, 20.5526, -6.06557, 0.00374173, 4.59643e-07, 
6.886, 15.5321, 1.51532, 9.78682, -7.41708, 5.91292, 1.24483, -6.97903e-05, 20.5548, 20.5526, -6.06557, 0.00374173, 4.59643e-07, 
6.986, 15.5321, 0.947077, 8.94795, -7.72829, 5.49798, 1.34856, -6.97903e-05, 20.5548, 20.5526, -6.06557, 0.00374173, 4.59643e-07, 
7.086, 15.3426, 0.378831, 11.0917, -7.93576, 5.60171, 1.34856, -6.97903e-05, 20.5548, 20.5526, -6.06557, 0.00374173, 4.59643e-07, 
7.186, 14.7744, 0.947077, 11.0917, -7.67642, 6.01665, 1.24483, -6.97903e-05, 20.5548, 20.5526, -6.06557, 0.00374173, 4.59643e-07, 
7.286, 14.0167, 0.189415, 11.3714, -7.57269, 5.54984, 1.24483, -6.97903e-05, 20.5548, 20.5526, -6.06557, 0.00374173, 4.59643e-07, 
7.386, 13.2591, -2.84123, 10.3461, -7.62455, 5.80918, 1.19296, -6.97903e-05, 20.5548, 20.5526, -6.06557, 0.00374173, 4.59643e-07, 
7.486, 13.0697, -6.81895, 11.3714, -7.57269, 6.27599, 1.08922, -6.97903e-05, 20.5548, 20.5526, -6.06557, 0.00374173, 4.59643e-07, 
7.586, 12.5014, -6.25071, 11.1849, -7.52082, 5.80918, 1.08922, -6.97903e-05, 20.5548, 20.5526, -6.06557, 0.00374173, 4.59643e-07, 
7.686, 11.9332, -6.44012, 11.4646, -7.62455, 6.06852, 1.24483, -6.97903e-05, 20.5548, 20.5526, -6.06557, 0.00374173, 4.59643e-07, 
7.786, 12.1226, -9.28136, 11.651, -7.41708, 6.63907, 1.24483, -6.97903e-05, 20.5548, 20.5526, -6.06557, 0.00374173, 4.59643e-07, 
7.886, 11.5543, -7.57662, 10.2529, -7.67642, 6.32786, 0.985486, -6.97903e-05, 20.5548, 20.5526, -6.06557, 0.00374173, 4.59643e-07, 
7.986, 11.5543, -7.00837, 11.7442, -7.26148, 8.14323, 1.03735, -6.97903e-05, 20.5548, 20.5526, -6.06557, 0.00374173, 4.59643e-07, 
8.086, 10.6073, -10.4178, 13.0491, -7.52082, 5.75732, 1.29669, -6.97903e-05, 20.5548, 20.5526, -6.06557, 0.00374173, 4.59643e-07, 
8.186, 9.47077, -10.2284, 10.0664, -7.20961, 7.67642, 1.34856, -6.97903e-05, 20.5548, 20.5526, -6.06557, 0.00374173, 4.59643e-07, 
8.286, 7.00837, -8.52369, 12.5831, -7.26148, 6.32786, 1.24483, -6.97903e-05, 20.5548, 20.5526, -6.06557, 0.00374173, 4.59643e-07, 
8.386, 4.35655, -10.2284, 12.3034, -5.44611, 8.03949, -0.0518677, -6.97903e-05, 20.5548, 20.5526, -6.06557, 0.00374173, 4.59643e-07, 
8.486, 1.32591, -8.90252, 13.9812, -4.20128, 6.89841, -0.829883, -6.97903e-05, 20.5548, 20.5526, -6.06557, 0.00374173, 4.59643e-07, 
8.586, -0.568246, -11.7438, 13.7948, -3.94195, 6.06852, -1.6079, -6.97903e-05, 20.5548, 20.5526, -6.06557, 0.00374173, 4.59643e-07, 
8.686, -0, -8.71311, 18.5484, -3.57887, 6.7428, -1.86724, -6.97903e-05, 20.5548, 20.5526, -6.06557, 0.00374173, 4.59643e-07, 
8.786, 3.78831, -13.2591, 26.1914, -2.59339, 6.37973, -2.38591, -6.97903e-05, 20.5548, 20.5526, -6.06557, 0.00374173, 4.59643e-07, 
8.886, 12.1226, -8.90252, 27.5895, -3.31953, 6.69093, -2.33405, -6.97903e-05, 20.5548, 20.5526, -6.06557, 0.00374173, 4.59643e-07, 
8.986, 18.5627, -11.3649, 29.4537, -2.85272, 7.15774, -2.33405, -6.97903e-05, 20.5548, 20.5526, -6.06557, 0.00374173, 4.59643e-07, 
9.086, 22.5404, -7.19779, 27.3099, -2.95646, 7.46895, -2.43778, -6.97903e-05, 20.5548, 20.5526, -6.06557, 0.00374173, 4.59643e-07, 
9.186, 21.9722, -9.47077, 26.9371, -2.95646, 7.41708, -1.86724, -6.97903e-05, 20.5548, 20.5526, -6.06557, 0.00374173, 4.59643e-07, 
9.286, 22.7298, -3.97772, 26.5642, -3.16393, 7.20961, -1.40043, -6.97903e-05, 20.5548, 20.5526, -6.06557, 0.00374173, 4.59643e-07, 
9.386, 20.8357, -4.54597, 25.9118, -3.89008, 6.79467, -1.24483, -6.97903e-05, 20.5548, 20.5526, -6.06557, 0.00374173, 4.59643e-07, 
9.486, 19.131, -5.68246, 25.4457, -5.65358, 8.24697, 0.518677, -6.97903e-05, 20.5548, 20.5526, -6.06557, 0.00374173, 4.59643e-07, 
9.586, 18.5627, -3.97772, 23.6748, -6.79467, 7.46895, 1.24483, -6.97903e-05, 20.5548, 20.5526, -6.06557, 0.00374173, 4.59643e-07, 
9.686, 15.9109, -5.49305, 19.4804, -6.95027, 7.31335, 1.55603, -6.97903e-05, 20.5548, 20.5526, -6.06557, 0.00374173, 4.59643e-07, 
9.786, 13.0697, -1.89415, 18.6416, -7.46895, 6.22413, 1.55603, -6.97903e-05, 20.5548, 20.5526, -6.06557, 0.00374173, 4.59643e-07, 
9.886, 11.9332, -3.03065, 22.2767, -6.84654, 7.20961, 1.4523, -6.97903e-05, 20.5548, 20.5526, -6.06557, 0.00374173, 4.59643e-07, 
9.986, 10.2284, 1.89415, 24.7001, -6.63907, 6.89841, 1.65977, -6.97903e-05, 20.5548, 20.5526, -6.06557, 0.00374173, 4.59643e-07, 
10.086, 9.09194, -0.189415, 27.1235, -6.79467, 6.48346, 1.7635, -6.97903e-05, 20.5548, 20.5526, -6.06557, 0.00374173, 4.59643e-07, 
10.186, 8.90252, 1.13649, 26.1914, -6.7428, 6.89841, 1.4523, -6.97903e-05, 20.5548, 20.5526, -6.06557, 0.00374173, 4.59643e-07, 
10.286, 8.71311, 4.9248, 24.8865, -6.27599, 7.62455, 1.6079, -6.97903e-05, 20.5548, 20.5526, -6.06557, 0.00374173, 4.59643e-07, 
10.386, 8.90252, 2.4624, 26.1914, -6.32786, 6.79467, 1.40043, -6.97903e-05, 20.5548, 20.5526, -6.06557, 0.00374173, 4.59643e-07, 
10.486, 9.47077, 8.33428, 24.9797, -6.79467, 6.37973, 1.24483, -6.97903e-05, 20.5548, 20.5526, -6.06557, 0.00374173, 4.59643e-07, 
10.586, 9.47077, 8.71311, 25.3525, -6.37973, 6.4316, 1.14109, -6.97903e-05, 20.5548, 20.5526, -6.06557, 0.00374173, 4.59643e-07, 
10.686, 10.039, 5.49305, 26.0982, -6.48346, 6.89841, 1.19296, -6.97903e-05, 20.5548, 20.5526, -6.06557, 0.00374173, 4.59643e-07, 
10.786, 10.6073, 8.33428, 25.3525, -6.37973, 6.53533, 1.19296, -6.97903e-05, 20.5548, 20.5526, -6.06557, 0.00374173, 4.59643e-07, 
10.886, 10.7967, 11.9332, 25.4457, -6.4316, 7.15774, 1.24483, -6.97903e-05, 20.5548, 20.5526, -6.06557, 0.00374173, 4.59643e-07, 
10.986, 10.9861, 11.7438, 25.1661, -6.27599, 6.63907, 1.24483, -6.97903e-05, 20.5548, 20.5526, -6.06557, 0.00374173, 4.59643e-07, 
11.086, 11.3649, 10.039, 25.1661, -6.01665, 7.10588, 1.34856, -6.97903e-05, 20.5548, 20.5526, -6.06557, 0.00374173, 4.59643e-07, 
11.186, 11.5543, 14.3956, 23.1155, -6.17226, 6.53533, 1.14109, -6.97903e-05, 20.5548, 20.5526, -6.06557, 0.00374173, 4.59643e-07, 
11.286, 11.7438, 16.6686, 25.6321, -6.32786, 7.46895, 1.19296, -6.97903e-05, 20.5548, 20.5526, -6.06557, 0.00374173, 4.59643e-07, 
11.386, 11.7438, 17.4262, 24.3272, -6.37973, 7.26148, 1.19296, -6.97903e-05, 20.5548, 20.5526, -6.06557, 0.00374173, 4.59643e-07, 
11.486, 11.5543, 19.131, 24.8865, -6.22413, 6.48346, 1.29669, -6.97903e-05, 20.5548, 20.5526, -6.06557, 0.00374173, 4.59643e-07, 
11.586, 11.3649, 17.9945, 24.8865, -6.48346, 6.53533, 1.24483, -6.97903e-05, 20.5548, 20.5526, -6.06557, 0.00374173, 4.59643e-07, 
11.686, 11.3649, 15.7215, 24.7001, -6.06852, 7.00214, 1.19296, -6.97903e-05, 20.5548, 20.5526, -6.06557, 0.00374173, 4.59643e-07, 
11.786, 11.1755, 18.5627, 24.7001, -6.17226, 6.69093, 1.19296, -6.97903e-05, 20.5548, 20.5526, -6.06557, 0.00374173, 4.59643e-07, 
11.886, 10.7967, 21.0251, 24.7933, -6.17226, 6.01665, 1.24483, -6.97903e-05, 20.5548, 20.5526, -6.06557, 0.00374173, 4.59643e-07, 
11.986, 10.9861, 22.5404, 24.234, -6.17226, 6.22413, 1.19296, -6.97903e-05, 20.5548, 20.5526, -6.06557, 0.00374173, 4.59643e-07, 
12.086, 10.7967, 23.6769, 24.6069, -6.32786, 5.96479, 1.08922, -6.97903e-05, 20.5548, 20.5526, -6.06557, 0.00374173, 4.59643e-07, 
12.186, 10.6073, 27.2758, 23.768, -6.22413, 6.37973, 1.19296, -6.97903e-05, 20.5548, 20.5526, -6.06557, 0.00374173, 4.59643e-07, 
12.286, 10.2284, 27.4652, 24.3272, -6.22413, 6.37973, 1.24483, -6.97903e-05, 20.5548, 20.5526, -6.06557, 0.00374173, 4.59643e-07, 
12.386, 10.6073, 28.2229, 24.3272, -6.32786, 6.12039, 1.03735, -6.97903e-05, 20.5548, 20.5526, -6.06557, 0.00374173, 4.59643e-07, 
12.486, 10.4178, 29.17, 24.0476, -6.27599, 6.4316, 1.14109, -6.97903e-05, 20.5548, 20.5526, -6.06557, 0.00374173, 4.59643e-07, 
12.586, 10.2284, 30.3065, 23.3952, -6.22413, 6.32786, 1.19296, -6.97903e-05, 20.5548, 20.5526, -6.06557, 0.00374173, 4.59643e-07, 
12.686, 10.2284, 30.1171, 23.3952, -6.27599, 6.27599, 1.24483, -6.97903e-05, 20.5548, 20.5526, -6.06557, 0.00374173, 4.59643e-07, 
12.786, 10.039, 29.17, 23.6748, -6.22413, 6.22413, 1.24483, -6.97903e-05, 20.5548, 20.5526, -6.06557, 0.00374173, 4.59643e-07, 
12.886, 10.039, 30.4959, 23.1155, -6.27599, 5.91292, 1.24483, -6.97903e-05, 20.5548, 20.5526, -6.06557, 0.00374173, 4.59643e-07, 
12.986, 10.039, 31.6324, 22.5563, -6.22413, 5.86105, 1.19296, -6.97903e-05, 20.5548, 20.5526, -6.06557, 0.00374173, 4.59643e-07, 
13.086, 9.8496, 31.0641, 23.302, -6.27599, 5.86105, 1.19296, -6.97903e-05, 20.5548, 20.5526, -6.06557, 0.00374173, 4.59643e-07, 
13.186, 9.8496, 32.5795, 22.4631, -6.27599, 5.75732, 1.24483, -6.97903e-05, 20.5548, 20.5526, -6.06557, 0.00374173, 4.59643e-07, 
13.286, 9.8496, 32.5795, 22.5563, -6.27599, 5.70545, 1.24483, -6.97903e-05, 20.5548, 20.5526, -6.06557, 0.00374173, 4.59643e-07, 
13.386, 9.8496, 32.9583, 22.6495, -6.22413, 5.80918, 1.24483, -6.97903e-05, 20.5548, 20.5526, -6.06557, 0.00374173, 4.59643e-07, 
13.486, 9.8496, 32.5795, 23.2087, -6.27599, 5.75732, 1.24483, -6.97903e-05, 20.5548, 20.5526, -6.06557, 0.00374173, 4.59643e-07, 
13.586, 9.47077, 33.1477, 22.7427, -6.32786, 5.70545, 1.24483, -6.97903e-05, 20.5548, 20.5526, -6.06557, 0.00374173, 4.59643e-07, 
13.686, 9.66019, 34.0948, 22.1835, -6.27599, 5.80918, 1.24483, -6.97903e-05, 20.5548, 20.5526, -6.06557, 0.00374173, 4.59643e-07, 
13.786, 9.8496, 34.663, 22.0903, -6.27599, 5.75732, 1.24483, -6.97903e-05, 20.5548, 20.5526, -6.06557, 0.00374173, 4.59643e-07, 
13.886, 9.66019, 33.7159, 22.8359, -6.32786, 5.60171, 1.29669, -6.97903e-05, 20.5548, 20.5526, -6.06557, 0.00374173, 4.59643e-07, 
13.986, 9.66019, 34.8524, 22.0903, -6.27599, 5.75732, 1.29669, -6.97903e-05, 20.5548, 20.5526, -6.06557, 0.00374173, 4.59643e-07, 
14.086, 9.66019, 35.4207, 21.997, -6.32786, 5.75732, 1.29669, -6.97903e-05, 20.5548, 20.5526, -6.06557, 0.00374173, 4.59643e-07, 
14.186, 9.66019, 34.8524, 22.3699, -6.32786, 5.60171, 1.34856, -6.97903e-05, 20.5548, 20.5526, -6.06557, 0.00374173, 4.59643e-07, 
14.286, 9.47077, 35.7995, 22.2767, -6.27599, 5.65358, 1.34856, -6.97903e-05, 20.5548, 20.5526, -6.06557, 0.00374173, 4.59643e-07, 
14.386, 11.3649, 28.6017, 19.0144, -5.44611, 7.41708, 0.933619, -6.97903e-05, 20.5548, 20.5526, -6.06557, 0.00374173, 4.59643e-07, 
14.486, 9.28136, 32.2006, 18.2687, -6.84654, 7.05401, 1.24483, -6.97903e-05, 20.5548, 20.5526, -6.06557, 0.00374173, 4.59643e-07, 
14.586, 5.68246, 60.6129, 27.8691, -7.31335, 2.48965, 1.19296, -6.97903e-05, 20.5548, 20.5526, -6.06557, 0.00374173, 4.59643e-07, 
14.686, 2.08357, 74.2508, 28.8012, -7.20961, 1.24483, 1.29669, -6.97903e-05, 20.5548, 20.5526, -6.06557, 0.00374173, 4.59643e-07, 
14.786, 1.51532, 76.3344, 27.8691, -5.75732, 1.08922, 0.363074, -6.97903e-05, 20.5548, 20.5526, -6.06557, 0.00374173, 4.59643e-07, 
14.886, -0, 69.8943, 27.0303, -4.09755, 0.726148, -0.207471, -6.97903e-05, 20.5548, 20.5526, -6.06557, 0.00374173, 4.59643e-07, 
14.986, -4.9248, 78.418, 29.3605, -4.92743, -0.622413, -0, -6.97903e-05, 20.5548, 20.5526, -6.06557, 0.00374173, 4.59643e-07, 
15.086, -10.4178, 85.2369, 30.945, -6.27599, 0.518677, 0.570545, -6.97903e-05, 20.5548, 20.5526, -6.06557, 0.00374173, 4.59643e-07, 
15.186, -13.8273, 85.4264, 33.7412, -6.53533, -0.726148, 0.155603, -6.97903e-05, 20.5548, 20.5526, -6.06557, 0.00374173, 4.59643e-07, 
15.286, -16.858, 84.8581, 34.7665, -7.31335, -1.29669, 0.829883, -6.97903e-05, 20.5548, 20.5526, -6.06557, 0.00374173, 4.59643e-07, 
15.386, -17.9945, 74.4403, 37.3763, -7.41708, -1.29669, 1.50416, -6.97903e-05, 20.5548, 20.5526, -6.06557, 0.00374173, 4.59643e-07, 
15.486, -19.6992, 69.8943, 36.351, -7.57269, -0.103735, 2.02284, -6.97903e-05, 20.5548, 20.5526, -6.06557, 0.00374173, 4.59643e-07, 
15.586, -19.6992, 61.56, 36.2578, -8.55817, -0.881751, 2.59339, -6.97903e-05, 20.5548, 20.5526, -6.06557, 0.00374173, 4.59643e-07, 
15.686, -16.1003, 53.2257, 34.1141, -7.72829, -1.34856, 2.90459, -6.97903e-05, 20.5548, 20.5526, -6.06557, 0.00374173, 4.59643e-07, 
15.786, -7.76603, 43.5655, 35.0461, -9.07685, -1.6079, 3.57887, -6.97903e-05, 20.5548, 20.5526, -6.06557, 0.00374173, 4.59643e-07, 
15.886, 10.4178, 25.5711, 34.6733, -9.49179, -0.881751, 3.47514, -6.97903e-05, 20.5548, 20.5526, -6.06557, 0.00374173, 4.59643e-07, 
15.986, 19.131, 20.6463, 35.6986, -7.83202, -1.7635, 3.00833, -6.97903e-05, 20.5548, 20.5526, -6.06557, 0.00374173, 4.59643e-07, 
16.086, 22.9193, 15.3426, 37.656, -7.67642, -2.54152, 1.40043, -6.97903e-05, 20.5548, 20.5526, -6.06557, 0.00374173, 4.59643e-07, 
16.186, 21.9722, 13.6379, 37.7492, -3.73448, -0.622413, -1.71163, -6.97903e-05, 20.5548, 20.5526, -6.06557, 0.00374173, 4.59643e-07, 
16.286, 15.5321, 13.0697, 41.5707, -3.83821, -1.03735, -2.59339, -6.97903e-05, 20.5548, 20.5526, -6.06557, 0.00374173, 4.59643e-07, 
16.386, 5.11422, 5.68246, 38.9609, -3.31953, -0.985486, -2.07471, -6.97903e-05, 20.5548, 20.5526, -6.06557, 0.00374173, 4.59643e-07, 
16.486, -5.11422, 9.09194, 38.8677, -4.20128, -1.14109, -2.02284, -6.97903e-05, 20.5548, 20.5526, -6.06557, 0.00374173, 4.59643e-07, 
16.586, -10.4178, 9.09194, 38.122, -3.78634, -1.24483, -1.71163, -6.97903e-05, 20.5548, 20.5526, -6.06557, 0.00374173, 4.59643e-07, 
16.686, -11.3649, 8.52369, 38.122, -4.56436, -0.933619, -1.71163, -6.97903e-05, 20.5548, 20.5526, -6.06557, 0.00374173, 4.59643e-07, 
16.786, -12.8802, 10.4178, 37.9356, -4.09755, -1.86724, -1.34856, -6.97903e-05, 20.5548, 20.5526, -6.06557, 0.00374173, 4.59643e-07, 
16.886, -13.2591, 4.73539, 36.7239, -3.63074, -1.14109, -1.4523, -6.97903e-05, 20.5548, 20.5526, -6.06557, 0.00374173, 4.59643e-07, 
16.986, -12.8802, 10.2284, 36.9103, -4.09755, -1.91911, -1.29669, -6.97903e-05, 20.5548, 20.5526, -6.06557, 0.00374173, 4.59643e-07, 
17.086, -13.2591, 11.1755, 36.4443, -3.94195, -1.6079, -1.19296, -6.97903e-05, 20.5548, 20.5526, -6.06557, 0.00374173, 4.59643e-07, 
17.186, -12.8802, 10.4178, 35.3258, -4.04568, -1.6079, -1.24483, -6.97903e-05, 20.5548, 20.5526, -6.06557, 0.00374173, 4.59643e-07, 
17.286, -12.5014, 13.0697, 35.3258, -4.56436, -1.97097, -1.6079, -6.97903e-05, 20.5548, 20.5526, -6.06557, 0.00374173, 4.59643e-07, 
17.386, -13.2591, 11.1755, 37.1899, -4.61623, -1.24483, -1.50416, -6.97903e-05, 20.5548, 20.5526, -6.06557, 0.00374173, 4.59643e-07, 
17.486, -13.2591, 15.5321, 34.6733, -4.20128, -1.65977, -1.6079, -6.97903e-05, 20.5548, 20.5526, -6.06557, 0.00374173, 4.59643e-07, 
17.586, -13.0697, 14.7744, 34.3005, -4.30502, -2.02284, -1.50416, -6.97903e-05, 20.5548, 20.5526, -6.06557, 0.00374173, 4.59643e-07, 
17.686, -13.0697, 14.3956, 34.8597, -4.04568, -1.65977, -1.6079, -6.97903e-05, 20.5548, 20.5526, -6.06557, 0.00374173, 4.59643e-07, 
17.786, -13.2591, 18.5627, 35.2326, -4.09755, -1.7635, -1.50416, -6.97903e-05, 20.5548, 20.5526, -6.06557, 0.00374173, 4.59643e-07, 
17.886, -13.4485, 15.9109, 35.419, -4.77183, -1.34856, -1.4523, -6.97903e-05, 20.5548, 20.5526, -6.06557, 0.00374173, 4.59643e-07, 
17.986, -14.2062, 15.9109, 34.4869, -4.92743, -1.24483, -1.50416, -6.97903e-05, 20.5548, 20.5526, -6.06557, 0.00374173, 4.59643e-07, 
18.086, -13.8273, 17.9945, 34.5801, -4.77183, -2.07471, -1.55603, -6.97903e-05, 20.5548, 20.5526, -6.06557, 0.00374173, 4.59643e-07, 
18.186, -13.8273, 17.6156, 35.0461, -5.23864, -2.17844, -1.55603, -6.97903e-05, 20.5548, 20.5526, -6.06557, 0.00374173, 4.59643e-07, 
18.286, -13.6379, 19.6992, 34.0209, -4.46062, -1.4523, -1.55603, -6.97903e-05, 20.5548, 20.5526, -6.06557, 0.00374173, 4.59643e-07, 
18.386, -14.2062, 20.8357, 33.5548, -4.66809, -1.40043, -1.4523, -6.97903e-05, 20.5548, 20.5526, -6.06557, 0.00374173, 4.59643e-07, 
18.486, -14.2062, 20.4569, 33.0888, -5.03117, -2.85272, -1.50416, -6.97903e-05, 20.5548, 20.5526, -6.06557, 0.00374173, 4.59643e-07, 
18.586, -14.0167, 20.6463, 32.8092, -4.66809, -1.50416, -1.4523, -6.97903e-05, 20.5548, 20.5526, -6.06557, 0.00374173, 4.59643e-07, 
18.686, -13.6379, 24.4346, 33.182, -5.03117, -1.14109, -1.55603, -6.97903e-05, 20.5548, 20.5526, -6.06557, 0.00374173, 4.59643e-07, 
18.786, -14.2062, 24.624, 32.9024, -4.46062, -2.54152, -1.40043, -6.97903e-05, 20.5548, 20.5526, -6.06557, 0.00374173, 4.59643e-07, 
18.886, -13.6379, 22.5404, 33.0888, -4.61623, -1.50416, -1.34856, -6.97903e-05, 20.5548, 20.5526, -6.06557, 0.00374173, 4.59643e-07, 
18.986, -14.0167, 25.9499, 31.7839, -4.66809, -2.69712, -1.29669, -6.97903e-05, 20.5548, 20.5526, -6.06557, 0.00374173, 4.59643e-07, 
19.086, -13.6379, 28.2229, 32.9956, -4.71996, -0.726148, -1.24483, -6.97903e-05, 20.5548, 20.5526, -6.06557, 0.00374173, 4.59643e-07, 
19.186, -13.8273, 28.2229, 31.0382, -4.20128, -2.69712, -1.34856, -6.97903e-05, 20.5548, 20.5526, -6.06557, 0.00374173, 4.59643e-07, 
19.286, -13.8273, 25.1923, 32.0635, -4.35689, -1.19296, -1.24483, -6.97903e-05, 20.5548, 20.5526, -6.06557, 0.00374173, 4.59643e-07, 
19.386, -13.6379, 27.2758, 31.1314, -4.30502, -2.43778, -1.14109, -6.97903e-05, 20.5548, 20.5526, -6.06557, 0.00374173, 4.59643e-07, 
19.486, -13.4485, 29.17, 32.7159, -4.56436, -1.4523, -1.19296, -6.97903e-05, 20.5548, 20.5526, -6.06557, 0.00374173, 4.59643e-07, 
19.586, -13.8273, 28.6017, 30.479, -4.46062, -1.97097, -1.08922, -6.97903e-05, 20.5548, 20.5526, -6.06557, 0.00374173, 4.59643e-07, 
19.686, -13.4485, 29.9276, 31.3178, -4.30502, -1.91911, -1.24483, -6.97903e-05, 20.5548, 20.5526, -6.06557, 0.00374173, 4.59643e-07, 
19.786, -13.4485, 28.2229, 30.479, -4.20128, -1.14109, -1.29669, -6.97903e-05, 20.5548, 20.5526, -6.06557, 0.00374173, 4.59643e-07, 
19.886, -13.6379, 27.4652, 30.3857, -4.14942, -2.64525, -1.24483, -6.97903e-05, 20.5548, 20.5526, -6.06557, 0.00374173, 4.59643e-07, 
19.986, -13.6379, 32.0112, 30.0129, -4.40876, -1.91911, -1.29669, -6.97903e-05, 20.5548, 20.5526, -6.06557, 0.00374173, 4.59643e-07, 
20.086, -13.2591, 33.1477, 31.5974, -4.51249, -0.881751, -1.19296, -6.97903e-05, 20.5548, 20.5526, -6.06557, 0.00374173, 4.59643e-07, 
20.186, -13.4485, 32.5795, 30.479, -4.09755, -2.69712, -1.19296, -6.97903e-05, 20.5548, 20.5526, -6.06557, 0.00374173, 4.59643e-07, 
20.286, -13.6379, 35.4207, 29.174, -4.25315, -2.12658, -1.19296, -6.97903e-05, 20.5548, 20.5526, -6.06557, 0.00374173, 4.59643e-07, 
20.386, -14.0167, 42.0502, 27.0303, -4.09755, -1.19296, -1.19296, -6.97903e-05, 20.5548, 20.5526, -6.06557, 0.00374173, 4.59643e-07, 
20.486, -14.0167, 62.3177, 14.6336, -3.99381, 3.2158, -1.24483, -6.97903e-05, 20.5548, 20.5526, -6.06557, 0.00374173, 4.59643e-07, 
20.586, -14.3956, 80.3121, 11.3714, -4.20128, 2.90459, -1.24483, -6.97903e-05, 20.5548, 20.5526, -6.06557, 0.00374173, 4.59643e-07, 
20.686, -14.0167, 93.3818, 8.66833, -4.14942, 4.51249, -1.40043, -6.97903e-05, 20.5548, 20.5526, -6.06557, 0.00374173, 4.59643e-07, 
20.786, -13.6379, 98.1172, 6.05851, -4.20128, 3.94195, -1.24483, -6.97903e-05, 20.5548, 20.5526, -6.06557, 0.00374173, 4.59643e-07, 
20.886, -12.6908, 102.474, 4.28756, -4.35689, 4.09755, -1.24483, -6.97903e-05, 20.5548, 20.5526, -6.06557, 0.00374173, 4.59643e-07, 
20.986, -12.312, 105.504, 2.98265, -4.66809, 3.99381, -1.19296, -6.97903e-05, 20.5548, 20.5526, -6.06557, 0.00374173, 4.59643e-07, 
21.086, -11.5543, 105.694, 4.00794, -5.18677, 5.18677, -1.24483, -6.97903e-05, 20.5548, 20.5526, -6.06557, 0.00374173, 4.59643e-07, 
21.186, -10.4178, 108.914, 2.23699, -5.70545, 5.54984, -0.881751, -6.97903e-05, 20.5548, 20.5526, -6.06557, 0.00374173, 4.59643e-07, 
21.286, -9.09194, 108.156, 2.51661, -6.17226, 5.08304, -0.726148, -6.97903e-05, 20.5548, 20.5526, -6.06557, 0.00374173, 4.59643e-07, 
21.386, -7.57662, 103.042, 2.4234, -6.7428, 5.96479, -0.466809, -6.97903e-05, 20.5548, 20.5526, -6.06557, 0.00374173, 4.59643e-07, 
21.486, -5.68246, 104.368, 3.16907, -6.84654, 6.06852, -0.155603, -6.97903e-05, 20.5548, 20.5526, -6.06557, 0.00374173, 4.59643e-07, 
21.586, -3.59889, 104.557, 3.91473, -7.31335, 5.96479, 0.311206, -6.97903e-05, 20.5548, 20.5526, -6.06557, 0.00374173, 4.59643e-07, 
21.686, -1.51532, 104.936, 3.26227, -7.72829, 6.5872, 0.726148, -6.97903e-05, 20.5548, 20.5526, -6.06557, 0.00374173, 4.59643e-07, 
21.786, 1.13649, 96.0336, 4.28756, -7.98763, 6.27599, 1.08922, -6.97903e-05, 20.5548, 20.5526, -6.06557, 0.00374173, 4.59643e-07, 
21.886, 3.22006, 87.3205, 5.59247, -7.41708, 5.54984, 1.08922, -6.97903e-05, 20.5548, 20.5526, -6.06557, 0.00374173, 4.59643e-07, 
21.986, 5.11422, 93.1924, 5.12643, -8.29883, 7.10588, 1.4523, -6.97903e-05, 20.5548, 20.5526, -6.06557, 0.00374173, 4.59643e-07, 
22.086, 6.62954, 83.3428, 5.31285, -7.62455, 6.69093, 1.50416, -6.97903e-05, 20.5548, 20.5526, -6.06557, 0.00374173, 4.59643e-07, 
22.186, 7.76603, 83.7216, 8.76153, -8.09136, 6.84654, 1.50416, -6.97903e-05, 20.5548, 20.5526, -6.06557, 0.00374173, 4.59643e-07, 
22.286, 8.52369, 78.6074, 8.76153, -8.5063, 6.01665, 1.50416, -6.97903e-05, 20.5548, 20.5526, -6.06557, 0.00374173, 4.59643e-07, 
22.386, 9.09194, 76.5238, 7.36342, -8.55817, 6.63907, 1.4523, -6.97903e-05, 20.5548, 20.5526, -6.06557, 0.00374173, 4.59643e-07, 
22.486, 9.09194, 76.7132, 7.92266, -8.5063, 7.00214, 1.55603, -6.97903e-05, 20.5548, 20.5526, -6.06557, 0.00374173, 4.59643e-07, 
22.586, 8.71311, 72.1673, 7.36342, -8.1951, 6.27599, 1.71163, -6.97903e-05, 20.5548, 20.5526, -6.06557, 0.00374173, 4.59643e-07, 
22.686, 8.33428, 68.379, 9.04116, -8.45444, 6.37973, 1.50416, -6.97903e-05, 20.5548, 20.5526, -6.06557, 0.00374173, 4.59643e-07, 
22.786, 7.3872, 68.5684, 8.2955, -8.09136, 6.01665, 1.4523, -6.97903e-05, 20.5548, 20.5526, -6.06557, 0.00374173, 4.59643e-07, 
22.886, 6.06129, 66.4848, 10.9985, -8.14323, 6.32786, 1.50416, -6.97903e-05, 20.5548, 20.5526, -6.06557, 0.00374173, 4.59643e-07, 
22.986, 4.16714, 65.5377, 8.76153, -7.88389, 6.06852, 1.6079, -6.97903e-05, 20.5548, 20.5526, -6.06557, 0.00374173, 4.59643e-07, 
23.086, 1.51532, 63.833, 10.1597, -7.78016, 6.27599, 1.6079, -6.97903e-05, 20.5548, 20.5526, -6.06557, 0.00374173, 4.59643e-07, 
23.186, -1.89415, 60.0447, 10.9053, -7.88389, 6.63907, 1.4523, -6.97903e-05, 20.5548, 20.5526, -6.06557, 0.00374173, 4.59643e-07, 
23.286, -5.30363, 59.4764, 10.2529, -7.83202, 6.84654, 1.4523, -6.97903e-05, 20.5548, 20.5526, -6.06557, 0.00374173, 4.59643e-07, 
23.386, -9.66019, 58.3399, 10.3461, -7.67642, 6.12039, 1.29669, -6.97903e-05, 20.5548, 20.5526, -6.06557, 0.00374173, 4.59643e-07, 
23.486, -12.6908, 55.8775, 11.5578, -6.95027, 6.63907, 1.14109, -6.97903e-05, 20.5548, 20.5526, -6.06557, 0.00374173, 4.59643e-07, 
23.586, -15.5321, 53.0363, 11.9306, -6.4316, 6.37973, 0.259339, -6.97903e-05, 20.5548, 20.5526, -6.06557, 0.00374173, 4.59643e-07, 
23.686, -16.2897, 51.8998, 11.5578, -4.66809, 7.62455, -0.933619, -6.97903e-05, 20.5548, 20.5526, -6.06557, 0.00374173, 4.59643e-07, 
23.786, -16.6686, 50.5739, 13.7015, -3.94195, 6.5872, -1.6079, -6.97903e-05, 20.5548, 20.5526, -6.06557, 0.00374173, 4.59643e-07, 
23.886, -16.1003, 49.0586, 11.1849, -3.78634, 6.17226, -1.97097, -6.97903e-05, 20.5548, 20.5526, -6.06557, 0.00374173, 4.59643e-07, 
23.986, -14.9638, 47.7327, 13.3287, -3.47514, 6.32786, -1.97097, -6.97903e-05, 20.5548, 20.5526, -6.06557, 0.00374173, 4.59643e-07, 
24.086, -13.8273, 45.0809, 14.354, -3.16393, 6.53533, -2.17844, -6.97903e-05, 20.5548, 20.5526, -6.06557, 0.00374173, 4.59643e-07, 
24.186, -11.1755, 41.6714, 15.4725, -3.68261, 6.27599, -2.02284, -6.97903e-05, 20.5548, 20.5526, -6.06557, 0.00374173, 4.59643e-07, 
24.286, -7.76603, 38.2619, 15.2861, -2.90459, 6.53533, -2.28218, -6.97903e-05, 20.5548, 20.5526, -6.06557, 0.00374173, 4.59643e-07, 
24.386, -3.40948, 34.0948, 14.82, -3.63074, 7.31335, -2.28218, -6.97903e-05, 20.5548, 20.5526, -6.06557, 0.00374173, 4.59643e-07, 
24.486, 0.947077, 30.4959, 15.0997, -3.47514, 5.70545, -2.12658, -6.97903e-05, 20.5548, 20.5526, -6.06557, 0.00374173, 4.59643e-07, 
24.586, 5.68246, 28.4123, 16.2182, -3.2158, 6.22413, -2.43778, -6.97903e-05, 20.5548, 20.5526, -6.06557, 0.00374173, 4.59643e-07, 
24.686, 9.66019, 28.0335, 15.9385, -3.47514, 7.05401, -2.23031, -6.97903e-05, 20.5548, 20.5526, -6.06557, 0.00374173, 4.59643e-07, 
24.786, 12.1226, 26.3287, 16.4978, -3.42327, 6.17226, -2.02284, -6.97903e-05, 20.5548, 20.5526, -6.06557, 0.00374173, 4.59643e-07, 
24.886, 13.4485, 25.9499, 15.4725, -3.94195, 6.17226, -2.07471, -6.97903e-05, 20.5548, 20.5526, -6.06557, 0.00374173, 4.59643e-07, 
24.986, 14.9638, 25.0028, 15.0997, -3.42327, 6.53533, -2.12658, -6.97903e-05, 20.5548, 20.5526, -6.06557, 0.00374173, 4.59643e-07, 
25.086, 15.1532, 24.2452, 14.82, -4.09755, 6.37973, -1.71163, -6.97903e-05, 20.5548, 20.5526, -6.06557, 0.00374173, 4.59643e-07, 
25.186, 15.1532, 24.624, 14.4472, -3.73448, 6.22413, -1.55603, -6.97903e-05, 20.5548, 20.5526, -6.06557, 0.00374173, 4.59643e-07, 
25.286, 15.3426, 25.5711, 13.5151, -3.83821, 6.84654, -1.7635, -6.97903e-05, 20.5548, 20.5526, -6.06557, 0.00374173, 4.59643e-07, 
25.386, 14.2062, 24.2452, 12.8627, -4.20128, 6.89841, -1.4523, -6.97903e-05, 20.5548, 20.5526, -6.06557, 0.00374173, 4.59643e-07, 
25.486, 14.7744, 23.1087, 12.3034, -4.25315, 6.48346, -1.4523, -6.97903e-05, 20.5548, 20.5526, -6.06557, 0.00374173, 4.59643e-07, 
25.586, 14.585, 23.2981, 12.8627, -6.84654, 6.79467, 0.67428, -6.97903e-05, 20.5548, 20.5526, -6.06557, 0.00374173, 4.59643e-07, 
25.686, 15.5321, 23.2981, 12.4898, -7.46895, 6.4316, 1.08922, -6.97903e-05, 20.5548, 20.5526, -6.06557, 0.00374173, 4.59643e-07, 
25.786, 19.6992, 20.2674, 11.651, -7.41708, 7.57269, 1.14109, -6.97903e-05, 20.5548, 20.5526, -6.06557, 0.00374173, 4.59643e-07, 
25.886, 21.4039, 15.5321, 9.32078, -7.72829, 8.29883, 1.65977, -6.97903e-05, 20.5548, 20.5526, -6.06557, 0.00374173, 4.59643e-07, 
25.986, 19.8886, 12.8802, 7.54983, -7.62455, 8.24697, 2.07471, -6.97903e-05, 20.5548, 20.5526, -6.06557, 0.00374173, 4.59643e-07, 
26.086, 17.9945, 7.76603, 6.05851, -7.57269, 9.07685, 2.17844, -6.97903e-05, 20.5548, 20.5526, -6.06557, 0.00374173, 4.59643e-07, 
26.186, 14.0167, 1.70474, 7.82946, -7.46895, 7.83202, 2.17844, -6.97903e-05, 20.5548, 20.5526, -6.06557, 0.00374173, 4.59643e-07, 
26.286, 7.19779, 5.68246, 8.20229, -7.00214, 7.20961, 1.81537, -6.97903e-05, 20.5548, 20.5526, -6.06557, 0.00374173, 4.59643e-07, 
26.386, 1.13649, 6.25071, 5.9653, -7.15774, 7.52082, 1.86724, -6.97903e-05, 20.5548, 20.5526, -6.06557, 0.00374173, 4.59643e-07, 
26.486, -1.89415, 4.54597, 8.66833, -6.79467, 8.55817, 2.02284, -6.97903e-05, 20.5548, 20.5526, -6.06557, 0.00374173, 4.59643e-07, 
26.586, -3.97772, 5.68246, 9.5072, -7.00214, 7.62455, 1.7635, -6.97903e-05, 20.5548, 20.5526, -6.06557, 0.00374173, 4.59643e-07, 
26.686, -5.49305, 3.59889, 10.0664, -7.15774, 7.15774, 1.50416, -6.97903e-05, 20.5548, 20.5526, -6.06557, 0.00374173, 4.59643e-07, 
26.786, -6.44012, 6.81895, 8.01587, -6.7428, 8.40257, 1.24483, -6.97903e-05, 20.5548, 20.5526, -6.06557, 0.00374173, 4.59643e-07, 
26.886, -7.00837, 7.19779, 8.85474, -6.5872, 8.14323, 1.4523, -6.97903e-05, 20.5548, 20.5526, -6.06557, 0.00374173, 4.59643e-07, 
26.986, -7.76603, 8.71311, 10.8121, -6.5872, 7.20961, 1.29669, -6.97903e-05, 20.5548, 20.5526, -6.06557, 0.00374173, 4.59643e-07, 
27.086, -7.3872, 7.76603, 10.4393, -6.37973, 7.72829, 1.34856, -6.97903e-05, 20.5548, 20.5526, -6.06557, 0.00374173, 4.59643e-07, 
27.186, -8.52369, 5.68246, 9.88003, -6.27599, 7.78016, 1.14109, -6.97903e-05, 20.5548, 20.5526, -6.06557, 0.00374173, 4.59643e-07, 
27.286, -8.90252, 10.4178, 8.85474, -6.06852, 7.98763, 1.29669, -6.97903e-05, 20.5548, 20.5526, -6.06557, 0.00374173, 4.59643e-07, 
27.386, -9.28136, 10.6073, 9.88003, -5.91292, 8.29883, 1.29669, -6.97903e-05, 20.5548, 20.5526, -6.06557, 0.00374173, 4.59643e-07, 
27.486, -9.47077, 8.52369, 9.88003, -5.80918, 7.78016, 1.24483, -6.97903e-05, 20.5548, 20.5526, -6.06557, 0.00374173, 4.59643e-07, 
27.586, -9.8496, 13.8273, 9.88003, -5.91292, 6.7428, 1.34856, -6.97903e-05, 20.5548, 20.5526, -6.06557, 0.00374173, 4.59643e-07, 
27.686, -10.039, 12.5014, 10.2529, -5.75732, 7.78016, 1.4523, -6.97903e-05, 20.5548, 20.5526, -6.06557, 0.00374173, 4.59643e-07, 
27.786, -9.8496, 10.9861, 10.4393, -5.75732, 7.05401, 1.29669, -6.97903e-05, 20.5548, 20.5526, -6.06557, 0.00374173, 4.59643e-07, 
27.886, -9.8496, 15.5321, 9.97324, -5.70545, 7.88389, 1.24483, -6.97903e-05, 20.5548, 20.5526, -6.06557, 0.00374173, 4.59643e-07, 
27.986, -10.2284, 14.7744, 10.0664, -5.75732, 7.67642, 1.24483, -6.97903e-05, 20.5548, 20.5526, -6.06557, 0.00374173, 4.59643e-07, 
28.086, -10.039, 12.6908, 9.78682, -5.70545, 6.5872, 1.24483, -6.97903e-05, 20.5548, 20.5526, -6.06557, 0.00374173, 4.59643e-07, 
28.186, -10.2284, 16.1003, 10.1597, -5.91292, 6.53533, 1.19296, -6.97903e-05, 20.5548, 20.5526, -6.06557, 0.00374173, 4.59643e-07, 
28.286, -10.2284, 18.9415, 10.2529, -5.54984, 6.84654, 1.14109, -6.97903e-05, 20.5548, 20.5526, -6.06557, 0.00374173, 4.59643e-07, 
28.386, -10.2284, 17.805, 12.0238, -5.70545, 6.27599, 1.14109, -6.97903e-05, 20.5548, 20.5526, -6.06557, 0.00374173, 4.59643e-07, 
28.486, -9.66019, 15.3426, 13.3287, -5.49798, 7.36521, 1.24483, -6.97903e-05, 20.5548, 20.5526, -6.06557, 0.00374173, 4.59643e-07, 
28.586, -10.2284, 18.9415, 15.2861, -5.65358, 6.63907, 1.24483, -6.97903e-05, 20.5548, 20.5526, -6.06557, 0.00374173, 4.59643e-07, 
28.686, -10.7967, 21.4039, 17.1502, -5.96479, 7.00214, 1.40043, -6.97903e-05, 20.5548, 20.5526, -6.06557, 0.00374173, 4.59643e-07, 
28.786, -10.039, 25.7605, 18.0823, -6.48346, 5.54984, 1.4523, -6.97903e-05, 20.5548, 20.5526, -6.06557, 0.00374173, 4.59643e-07, 
28.886, -9.66019, 30.8747, 18.1755, -6.79467, 4.92743, 1.4523, -6.97903e-05, 20.5548, 20.5526, -6.06557, 0.00374173, 4.59643e-07, 
28.986, -9.28136, 43.5655, 16.7774, -6.48346, 2.12658, 1.55603, -6.97903e-05, 20.5548, 20.5526, -6.06557, 0.00374173, 4.59643e-07, 
29.086, -7.76603, 58.9082, 15.0065, -6.12039, 0.881751, 1.4523, -6.97903e-05, 20.5548, 20.5526, -6.06557, 0.00374173, 4.59643e-07, 
29.186, -7.95545, 69.7049, 12.2102, -6.17226, -0.155603, 1.40043, -6.97903e-05, 20.5548, 20.5526, -6.06557, 0.00374173, 4.59643e-07, 
29.286, -8.14486, 78.418, 10.0664, -6.27599, 0.726148, 1.34856, -6.97903e-05, 20.5548, 20.5526, -6.06557, 0.00374173, 4.59643e-07, 
29.386, -8.33428, 80.5016, 9.6004, -5.91292, -0.207471, 1.19296, -6.97903e-05, 20.5548, 20.5526, -6.06557, 0.00374173, 4.59643e-07, 
29.486, -7.95545, 80.1227, 9.97324, -5.39424, 0.622413, 1.08922, -6.97903e-05, 20.5548, 20.5526, -6.06557, 0.00374173, 4.59643e-07, 
29.586, -7.57662, 80.5016, 10.7189, -5.1349, 1.24483, 0.985486, -6.97903e-05, 20.5548, 20.5526, -6.06557, 0.00374173, 4.59643e-07, 
29.686, -7.3872, 79.3651, 13.5151, -4.77183, 0.259339, 0.829883, -6.97903e-05, 20.5548, 20.5526, -6.06557, 0.00374173, 4.59643e-07, 
29.786, -6.81895, 81.638, 16.8706, -4.46062, 0.518677, 0.726148, -6.97903e-05, 20.5548, 20.5526, -6.06557, 0.00374173, 4.59643e-07, 
29.886, -7.57662, 87.3205, 21.065, -4.35689, 0.726148, 0.570545, -6.97903e-05, 20.5548, 20.5526, -6.06557, 0.00374173, 4.59643e-07, 
29.986, -8.14486, 87.6993, 24.0476, -3.99381, 1.24483, 0.363074, -6.97903e-05, 20.5548, 20.5526, -6.06557, 0.00374173, 4.59643e-07, 
30.086, -8.33428, 92.6241, 26.0982, -3.83821, -0.622413, 0.155603, -6.97903e-05, 20.5548, 20.5526, -6.06557, 0.00374173, 4.59643e-07, 
30.186, -11.1755, 98.3066, 28.3352, -3.94195, -0.518677, 0.0518677, -6.97903e-05, 20.5548, 20.5526, -6.06557, 0.00374173, 4.59643e-07, 
30.286, -13.2591, 101.716, 29.6401, -4.09755, -1.08922, -0.311206, -6.97903e-05, 20.5548, 20.5526, -6.06557, 0.00374173, 4.59643e-07, 
30.386, -13.2591, 96.9807, 33.0888, -3.99381, -1.50416, -0.67428, -6.97903e-05, 20.5548, 20.5526, -6.06557, 0.00374173, 4.59643e-07, 
30.486, -14.7744, 101.148, 33.182, -4.51249, -0.0518677, -0.67428, -6.97903e-05, 20.5548, 20.5526, -6.06557, 0.00374173, 4.59643e-07, 
30.586, -15.1532, 89.0252, 34.0209, -3.78634, -2.48965, -0.985486, -6.97903e-05, 20.5548, 20.5526, -6.06557, 0.00374173, 4.59643e-07, 
30.686, -17.0474, 86.5628, 33.0888, -3.31953, 0.259339, -1.14109, -6.97903e-05, 20.5548, 20.5526, -6.06557, 0.00374173, 4.59643e-07, 
30.786, -18.9415, 77.2815, 35.9782, -3.94195, -2.17844, -0.881751, -6.97903e-05, 20.5548, 20.5526, -6.06557, 0.00374173, 4.59643e-07, 
30.886, -19.8886, 70.8414, 35.419, -6.84654, -1.08922, 0.933619, -6.97903e-05, 20.5548, 20.5526, -6.06557, 0.00374173, 4.59643e-07, 
30.986, -19.131, 63.6436, 35.6986, -8.66191, -1.4523, 2.17844, -6.97903e-05, 20.5548, 20.5526, -6.06557, 0.00374173, 4.59643e-07, 
31.086, -17.0474, 54.3622, 36.351, -8.40257, -2.07471, 2.69712, -6.97903e-05, 20.5548, 20.5526, -6.06557, 0.00374173, 4.59643e-07, 
31.186, -12.1226, 47.5433, 33.7412, -7.98763, -0.259339, 3.68261, -6.97903e-05, 20.5548, 20.5526, -6.06557, 0.00374173, 4.59643e-07, 
31.286, 3.03065, 31.2535, 33.2752, -8.81751, -0.933619, 3.26767, -6.97903e-05, 20.5548, 20.5526, -6.06557, 0.00374173, 4.59643e-07, 
31.386, 17.805, 21.2145, 35.419, -8.71378, -1.03735, 3.00833, -6.97903e-05, 20.5548, 20.5526, -6.06557, 0.00374173, 4.59643e-07, 
31.486, 21.4039, 16.858, 34.3005, -8.09136, -1.29669, 1.81537, -6.97903e-05, 20.5548, 20.5526, -6.06557, 0.00374173, 4.59643e-07, 
31.586, 23.6769, 13.4485, 38.122, -4.71996, -1.03735, 0.0518677, -6.97903e-05, 20.5548, 20.5526, -6.06557, 0.00374173, 4.59643e-07, 
31.686, 17.4262, 10.7967, 40.359, -2.64525, -1.55603, -2.80086, -6.97903e-05, 20.5548, 20.5526, -6.06557, 0.00374173, 4.59643e-07, 
31.786, 9.66019, 6.44012, 38.9609, -4.14942, -1.14109, -2.23031, -6.97903e-05, 20.5548, 20.5526, -6.06557, 0.00374173, 4.59643e-07, 
31.886, -1.70474, 4.54597, 38.7745, -4.40876, -2.23031, -1.86724, -6.97903e-05, 20.5548, 20.5526, -6.06557, 0.00374173, 4.59643e-07, 
31.986, -9.47077, 8.71311, 40.2658, -4.92743, -1.91911, -1.86724, -6.97903e-05, 20.5548, 20.5526, -6.06557, 0.00374173, 4.59643e-07, 
32.086, -12.5014, 6.06129, 38.8677, -4.35689, -0.985486, -1.50416, -6.97903e-05, 20.5548, 20.5526, -6.06557, 0.00374173, 4.59643e-07, 
32.186, -12.8802, 10.7967, 36.9103, -4.20128, -0.881751, -1.34856, -6.97903e-05, 20.5548, 20.5526, -6.06557, 0.00374173, 4.59643e-07, 
32.286, -12.6908, 9.09194, 38.122, -4.40876, -1.97097, -1.4523, -6.97903e-05, 20.5548, 20.5526, -6.06557, 0.00374173, 4.59643e-07, 
32.386, -12.5014, 9.8496, 36.5375, -4.20128, -0.985486, -1.4523, -6.97903e-05, 20.5548, 20.5526, -6.06557, 0.00374173, 4.59643e-07, 
32.486, -12.312, 11.9332, 38.8677, -4.46062, -2.38591, -1.19296, -6.97903e-05, 20.5548, 20.5526, -6.06557, 0.00374173, 4.59643e-07, 
32.586, -12.312, 10.6073, 35.885, -3.89008, -2.28218, -1.29669, -6.97903e-05, 20.5548, 20.5526, -6.06557, 0.00374173, 4.59643e-07, 
32.686, -12.312, 14.585, 35.1393, -3.83821, -1.29669, -1.4523, -6.97903e-05, 20.5548, 20.5526, -6.06557, 0.00374173, 4.59643e-07, 
32.786, -12.6908, 12.6908, 36.1646, -4.09755, -0.414942, -1.50416, -6.97903e-05, 20.5548, 20.5526, -6.06557, 0.00374173, 4.59643e-07, 
32.886, -12.5014, 10.6073, 35.1393, -4.40876, -2.07471, -1.7635, -6.97903e-05, 20.5548, 20.5526, -6.06557, 0.00374173, 4.59643e-07, 
32.986, -13.0697, 16.2897, 36.0714, -4.35689, -1.34856, -1.71163, -6.97903e-05, 20.5548, 20.5526, -6.06557, 0.00374173, 4.59643e-07, 
33.086, -12.8802, 14.0167, 34.4869, -4.66809, -0.933619, -1.55603, -6.97903e-05, 20.5548, 20.5526, -6.06557, 0.00374173, 4.59643e-07, 
33.186, -13.0697, 14.7744, 33.9276, -4.14942, -1.24483, -1.40043, -6.97903e-05, 20.5548, 20.5526, -6.06557, 0.00374173, 4.59643e-07, 
33.286, -13.2591, 17.2368, 36.1646, -4.9793, -1.4523, -1.4523, -6.97903e-05, 20.5548, 20.5526, -6.06557, 0.00374173, 4.59643e-07, 
33.386, -13.6379, 16.1003, 34.5801, -4.51249, -0.622413, -1.55603, -6.97903e-05, 20.5548, 20.5526, -6.06557, 0.00374173, 4.59643e-07, 
33.486, -13.8273, 20.078, 35.6986, -4.9793, -1.86724, -1.55603, -6.97903e-05, 20.5548, 20.5526, -6.06557, 0.00374173, 4.59643e-07, 
33.586, -13.0697, 19.6992, 34.3005, -4.92743, -2.64525, -1.4523, -6.97903e-05, 20.5548, 20.5526, -6.06557, 0.00374173, 4.59643e-07, 
33.686, -13.8273, 20.078, 34.6733, -4.87556, -2.64525, -1.4523, -6.97903e-05, 20.5548, 20.5526, -6.06557, 0.00374173, 4.59643e-07, 
33.786, -14.0167, 21.7828, 31.2246, -4.61623, -1.14109, -1.4523, -6.97903e-05, 20.5548, 20.5526, -6.06557, 0.00374173, 4.59643e-07, 
33.886, -14.0167, 28.0335, 31.9703, -4.66809, -1.97097, -1.34856, -6.97903e-05, 20.5548, 20.5526, -6.06557, 0.00374173, 4.59643e-07, 
33.986, -14.2062, 32.39, 29.6401, -4.87556, -0.933619, -1.40043, -6.97903e-05, 20.5548, 20.5526, -6.06557, 0.00374173, 4.59643e-07, 
34.086, -14.3956, 38.6407, 26.1914, -4.77183, -0, -1.24483, -6.97903e-05, 20.5548, 20.5526, -6.06557, 0.00374173, 4.59643e-07, 
34.186, -13.0697, 59.287, 13.6083, -4.56436, 4.25315, -1.19296, -6.97903e-05, 20.5548, 20.5526, -6.06557, 0.00374173, 4.59643e-07, 
34.286, -14.0167, 75.1979, 10.5325, -4.46062, 5.1349, -1.19296, -6.97903e-05, 20.5548, 20.5526, -6.06557, 0.00374173, 4.59643e-07, 
34.386, -13.0697, 86.5628, 10.7189, -4.46062, 4.40876, -1.19296, -6.97903e-05, 20.5548, 20.5526, -6.06557, 0.00374173, 4.59643e-07, 
34.486, -12.8802, 84.8581, 8.20229, -4.71996, 4.87556, -1.19296, -6.97903e-05, 20.5548, 20.5526, -6.06557, 0.00374173, 4.59643e-07, 
34.586, -12.1226, 89.9723, 7.45662, -5.08304, 4.87556, -1.08922, -6.97903e-05, 20.5548, 20.5526, -6.06557, 0.00374173, 4.59643e-07, 
34.686, -11.5543, 93.003, 4.84681, -5.70545, 5.1349, -1.08922, -6.97903e-05, 20.5548, 20.5526, -6.06557, 0.00374173, 4.59643e-07, 
34.786, -10.6073, 94.3289, 5.68568, -6.17226, 5.65358, -0.933619, -6.97903e-05, 20.5548, 20.5526, -6.06557, 0.00374173, 4.59643e-07, 
34.886, -9.47077, 91.6771, 5.87209, -6.7428, 6.22413, -0.570545, -6.97903e-05, 20.5548, 20.5526, -6.06557, 0.00374173, 4.59643e-07, 
34.986, -8.14486, 88.2676, 6.89738, -6.95027, 5.18677, -0.311206, -6.97903e-05, 20.5548, 20.5526, -6.06557, 0.00374173, 4.59643e-07, 
35.086, -6.25071, 89.9723, 9.41399, -7.78016, 5.49798, -0.0518677, -6.97903e-05, 20.5548, 20.5526, -6.06557, 0.00374173, 4.59643e-07, 
35.186, -3.78831, 83.3428, 8.57512, -8.03949, 5.70545, 0.466809, -6.97903e-05, 20.5548, 20.5526, -6.06557, 0.00374173, 4.59643e-07, 
35.286, -0.947077, 80.691, 10.7189, -8.5063, 7.31335, 0.881751, -6.97903e-05, 20.5548, 20.5526, -6.06557, 0.00374173, 4.59643e-07, 
35.386, 1.89415, 71.7884, 13.4219, -8.40257, 6.4316, 0.881751, -6.97903e-05, 20.5548, 20.5526, -6.06557, 0.00374173, 4.59643e-07, 
35.486, 3.97772, 66.106, 14.9132, -8.55817, 5.23864, 1.08922, -6.97903e-05, 20.5548, 20.5526, -6.06557, 0.00374173, 4.59643e-07, 
35.586, 5.11422, 66.4848, 13.4219, -8.3507, 5.29051, 0.778016, -6.97903e-05, 20.5548, 20.5526, -6.06557, 0.00374173, 4.59643e-07, 
35.686, 6.25071, 65.9166, 13.888, -8.1951, 5.96479, 0.570545, -6.97903e-05, 20.5548, 20.5526, -6.06557, 0.00374173, 4.59643e-07, 
35.786, 5.68246, 68.7578, 14.5404, -8.3507, 6.17226, 0.311206, -6.97903e-05, 20.5548, 20.5526, -6.06557, 0.00374173, 4.59643e-07, 
35.886, 5.49305, 70.0837, 13.6083, -8.29883, 5.75732, 0.466809, -6.97903e-05, 20.5548, 20.5526, -6.06557, 0.00374173, 4.59643e-07, 
35.986, 5.11422, 71.9779, 12.3966, -7.98763, 6.17226, 0.622413, -6.97903e-05, 20.5548, 20.5526, -6.06557, 0.00374173, 4.59643e-07, 
36.086, 5.87188, 71.9779, 10.9985, -7.98763, 6.32786, 0.933619, -6.97903e-05, 20.5548, 20.5526, -6.06557, 0.00374173, 4.59643e-07, 
36.186, 5.87188, 70.2731, 10.9985, -7.98763, 5.29051, 1.19296, -6.97903e-05, 20.5548, 20.5526, -6.06557, 0.00374173, 4.59643e-07, 
36.286, 6.62954, 69.8943, 11.5578, -8.24697, 6.53533, 1.34856, -6.97903e-05, 20.5548, 20.5526, -6.06557, 0.00374173, 4.59643e-07, 
36.386, 7.57662, 70.652, 12.2102, -8.45444, 5.91292, 1.40043, -6.97903e-05, 20.5548, 20.5526, -6.06557, 0.00374173, 4.59643e-07, 
36.486, 7.57662, 69.5155, 13.0491, -8.55817, 5.54984, 1.4523, -6.97903e-05, 20.5548, 20.5526, -6.06557, 0.00374173, 4.59643e-07, 
36.586, 8.14486, 70.8414, 12.117, -8.5063, 6.84654, 1.50416, -6.97903e-05, 20.5548, 20.5526, -6.06557, 0.00374173, 4.59643e-07, 
36.686, 8.33428, 66.106, 12.117, -8.5063, 5.34237, 1.50416, -6.97903e-05, 20.5548, 20.5526, -6.06557, 0.00374173, 4.59643e-07, 
36.786, 9.28136, 66.6742, 13.7015, -8.24697, 6.32786, 1.7635, -6.97903e-05, 20.5548, 20.5526, -6.06557, 0.00374173, 4.59643e-07, 
36.886, 8.90252, 66.106, 13.1423, -8.24697, 6.27599, 1.71163, -6.97903e-05, 20.5548, 20.5526, -6.06557, 0.00374173, 4.59643e-07, 
36.986, 9.09194, 63.4542, 14.1676, -8.09136, 6.01665, 1.65977, -6.97903e-05, 20.5548, 20.5526, -6.06557, 0.00374173, 4.59643e-07, 
37.086, 9.09194, 64.5907, 13.3287, -7.88389, 5.49798, 1.71163, -6.97903e-05, 20.5548, 20.5526, -6.06557, 0.00374173, 4.59643e-07, 
37.186, 8.33428, 66.6742, 12.0238, -8.14323, 6.5872, 1.55603, -6.97903e-05, 20.5548, 20.5526, -6.06557, 0.00374173, 4.59643e-07, 
37.286, 6.81895, 68.1895, 13.0491, -8.5063, 5.49798, 1.6079, -6.97903e-05, 20.5548, 20.5526, -6.06557, 0.00374173, 4.59643e-07, 
37.386, 5.49305, 70.2731, 9.97324, -8.09136, 5.91292, 1.6079, -6.97903e-05, 20.5548, 20.5526, -6.06557, 0.00374173, 4.59643e-07, 
37.486, 3.97772, 69.1366, 10.5325, -8.14323, 6.32786, 1.6079, -6.97903e-05, 20.5548, 20.5526, -6.06557, 0.00374173, 4.59643e-07, 
37.586, 1.13649, 67.8107, 9.04116, -7.62455, 6.4316, 1.40043, -6.97903e-05, 20.5548, 20.5526, -6.06557, 0.00374173, 4.59643e-07, 
37.686, -0.378831, 65.1589, 9.32078, -8.09136, 6.17226, 1.34856, -6.97903e-05, 20.5548, 20.5526, -6.06557, 0.00374173, 4.59643e-07, 
37.786, -1.32591, 66.2954, 9.32078, -7.67642, 6.95027, 1.6079, -6.97903e-05, 20.5548, 20.5526, -6.06557, 0.00374173, 4.59643e-07, 
37.886, -2.65182, 65.3483, 10.4393, -7.62455, 5.86105, 1.65977, -6.97903e-05, 20.5548, 20.5526, -6.06557, 0.00374173, 4.59643e-07, 
37.986, -3.97772, 65.5377, 8.85474, -7.62455, 7.57269, 1.50416, -6.97903e-05, 20.5548, 20.5526, -6.06557, 0.00374173, 4.59643e-07, 
38.086, -6.06129, 64.5907, 9.41399, -7.98763, 6.84654, 1.6079, -6.97903e-05, 20.5548, 20.5526, -6.06557, 0.00374173, 4.59643e-07, 
38.186, -7.76603, 59.6659, 11.1849, -8.03949, 7.00214, 1.55603, -6.97903e-05, 20.5548, 20.5526, -6.06557, 0.00374173, 4.59643e-07, 
38.286, -10.6073, 60.2341, 10.5325, -7.67642, 7.15774, 1.7635, -6.97903e-05, 20.5548, 20.5526, -6.06557, 0.00374173, 4.59643e-07, 
38.386, -12.1226, 58.1505, 10.9053, -7.93576, 6.79467, 1.65977, -6.97903e-05, 20.5548, 20.5526, -6.06557, 0.00374173, 4.59643e-07, 
38.486, -14.0167, 57.014, 10.2529, -7.88389, 6.7428, 1.29669, -6.97903e-05, 20.5548, 20.5526, -6.06557, 0.00374173, 4.59643e-07, 
38.586, -15.5321, 55.6881, 11.5578, -7.31335, 5.44611, 1.29669, -6.97903e-05, 20.5548, 20.5526, -6.06557, 0.00374173, 4.59643e-07, 
38.686, -16.2897, 52.6575, 11.5578, -7.31335, 7.05401, 1.14109, -6.97903e-05, 20.5548, 20.5526, -6.06557, 0.00374173, 4.59643e-07, 
38.786, -16.4791, 51.7104, 12.3034, -6.32786, 6.37973, 0.466809, -6.97903e-05, 20.5548, 20.5526, -6.06557, 0.00374173, 4.59643e-07, 
38.886, -15.9109, 50.3845, 13.3287, -4.51249, 5.75732, -0.985486, -6.97903e-05, 20.5548, 20.5526, -6.06557, 0.00374173, 4.59643e-07, 
38.986, -15.7215, 49.8163, 12.8627, -4.25315, 6.48346, -1.40043, -6.97903e-05, 20.5548, 20.5526, -6.06557, 0.00374173, 4.59643e-07, 
39.086, -14.9638, 49.4374, 12.8627, -3.94195, 7.10588, -1.71163, -6.97903e-05, 20.5548, 20.5526, -6.06557, 0.00374173, 4.59643e-07, 
39.186, -14.7744, 48.1115, 13.3287, -4.14942, 7.05401, -1.86724, -6.97903e-05, 20.5548, 20.5526, -6.06557, 0.00374173, 4.59643e-07, 
39.286, -13.2591, 46.5962, 14.1676, -3.527, 5.91292, -2.12658, -6.97903e-05, 20.5548, 20.5526, -6.06557, 0.00374173, 4.59643e-07, 
39.386, -12.6908, 44.3232, 15.0997, -3.2158, 7.05401, -2.48965, -6.97903e-05, 20.5548, 20.5526, -6.06557, 0.00374173, 4.59643e-07, 
39.486, -10.4178, 41.6714, 15.7521, -3.73448, 6.4316, -2.02284, -6.97903e-05, 20.5548, 20.5526, -6.06557, 0.00374173, 4.59643e-07, 
39.586, -7.57662, 38.8302, 15.0997, -2.90459, 6.32786, -2.07471, -6.97903e-05, 20.5548, 20.5526, -6.06557, 0.00374173, 4.59643e-07, 
39.686, -4.35655, 36.1783, 17.7095, -3.42327, 6.12039, -2.23031, -6.97903e-05, 20.5548, 20.5526, -6.06557, 0.00374173, 4.59643e-07, 
39.786, -0.757662, 33.9054, 21.1582, -3.26767, 6.27599, -2.17844, -6.97903e-05, 20.5548, 20.5526, -6.06557, 0.00374173, 4.59643e-07, 
39.886, 2.65182, 31.2535, 24.234, -3.3714, 6.06852, -2.12658, -6.97903e-05, 20.5548, 20.5526, -6.06557, 0.00374173, 4.59643e-07, 
39.986, 6.06129, 29.3594, 24.234, -3.527, 5.86105, -2.33405, -6.97903e-05, 20.5548, 20.5526, -6.06557, 0.00374173, 4.59643e-07, 
40.086, 9.47077, 26.897, 22.2767, -2.85272, 6.7428, -2.07471, -6.97903e-05, 20.5548, 20.5526, -6.06557, 0.00374173, 4.59643e-07, 
40.186, 12.1226, 25.3817, 17.3367, -3.527, 5.86105, -2.12658, -6.97903e-05, 20.5548, 20.5526, -6.06557, 0.00374173, 4.59643e-07, 
40.286, 14.2062, 24.624, 13.9812, -3.73448, 5.96479, -2.17844, -6.97903e-05, 20.5548, 20.5526, -6.06557, 0.00374173, 4.59643e-07, 
40.386, 16.1003, 23.4875, 12.9559, -3.47514, 7.41708, -2.02284, -6.97903e-05, 20.5548, 20.5526, -6.06557, 0.00374173, 4.59643e-07, 
40.486, 16.2897, 23.4875, 13.1423, -3.57887, 5.96479, -1.65977, -6.97903e-05, 20.5548, 20.5526, -6.06557, 0.00374173, 4.59643e-07, 
40.586, 16.2897, 22.5404, 12.0238, -3.94195, 6.37973, -1.55603, -6.97903e-05, 20.5548, 20.5526, -6.06557, 0.00374173, 4.59643e-07, 
40.686, 17.6156, 21.2145, 11.4646, -4.30502, 7.05401, -1.34856, -6.97903e-05, 20.5548, 20.5526, -6.06557, 0.00374173, 4.59643e-07, 
40.786, 18.1839, 21.2145, 11.651, -6.84654, 6.06852, 0.67428, -6.97903e-05, 20.5548, 20.5526, -6.06557, 0.00374173, 4.59643e-07, 
40.886, 17.805, 21.4039, 10.0664, -7.62455, 7.00214, 1.71163, -6.97903e-05, 20.5548, 20.5526, -6.06557, 0.00374173, 4.59643e-07, 
40.986, 16.2897, 19.131, 9.41399, -6.95027, 7.26148, 1.97097, -6.97903e-05, 20.5548, 20.5526, -6.06557, 0.00374173, 4.59643e-07, 
41.086, 14.7744, 20.8357, 10.6257, -7.41708, 7.00214, 1.86724, -6.97903e-05, 20.5548, 20.5526, -6.06557, 0.00374173, 4.59643e-07, 
41.186, 12.6908, 19.5098, 9.69361, -7.57269, 7.36521, 1.97097, -6.97903e-05, 20.5548, 20.5526, -6.06557, 0.00374173, 4.59643e-07, 
41.286, 11.7438, 17.2368, 9.78682, -7.26148, 7.20961, 1.97097, -6.97903e-05, 20.5548, 20.5526, -6.06557, 0.00374173, 4.59643e-07, 
41.386, 10.4178, 17.0474, 8.3887, -7.20961, 6.84654, 1.81537, -6.97903e-05, 20.5548, 20.5526, -6.06557, 0.00374173, 4.59643e-07, 
41.486, 9.28136, 13.4485, 10.2529, -7.36521, 6.4316, 1.55603, -6.97903e-05, 20.5548, 20.5526, -6.06557, 0.00374173, 4.59643e-07, 
41.586, 8.33428, 13.6379, 9.41399, -7.00214, 6.12039, 1.50416, -6.97903e-05, 20.5548, 20.5526, -6.06557, 0.00374173, 4.59643e-07, 
41.686, 7.3872, 14.7744, 10.0664, -6.48346, 6.69093, 1.34856, -6.97903e-05, 20.5548, 20.5526, -6.06557, 0.00374173, 4.59643e-07, 
41.786, 6.44012, 16.1003, 10.3461, -6.79467, 7.57269, 1.71163, -6.97903e-05, 20.5548, 20.5526, -6.06557, 0.00374173, 4.59643e-07, 
41.886, 5.87188, 15.7215, 9.69361, -6.69093, 6.22413, 1.7635, -6.97903e-05, 20.5548, 20.5526, -6.06557, 0.00374173, 4.59643e-07, 
41.986, 5.11422, 15.5321, 10.1597, -6.84654, 7.05401, 1.7635, -6.97903e-05, 20.5548, 20.5526, -6.06557, 0.00374173, 4.59643e-07, 
42.086, 4.73539, 14.3956, 10.1597, -6.95027, 8.14323, 1.6079, -6.97903e-05, 20.5548, 20.5526, -6.06557, 0.00374173, 4.59643e-07, 
42.186, 4.9248, 13.0697, 10.9053, -7.10588, 7.00214, 1.55603, -6.97903e-05, 20.5548, 20.5526, -6.06557, 0.00374173, 4.59643e-07, 
42.286, 5.11422, 13.6379, 9.78682, -7.05401, 6.27599, 1.65977, -6.97903e-05, 20.5548, 20.5526, -6.06557, 0.00374173, 4.59643e-07, 
42.386, 5.49305, 14.585, 9.97324, -6.69093, 6.69093, 1.6079, -6.97903e-05, 20.5548, 20.5526, -6.06557, 0.00374173, 4.59643e-07, 
42.486, 6.06129, 12.5014, 10.7189, -6.7428, 6.79467, 1.29669, -6.97903e-05, 20.5548, 20.5526, -6.06557, 0.00374173, 4.59643e-07, 
42.586, 6.62954, 7.95545, 10.0664, -6.95027, 6.89841, 1.34856, -6.97903e-05, 20.5548, 20.5526, -6.06557, 0.00374173, 4.59643e-07, 
42.686, 6.62954, 9.28136, 9.97324, -6.53533, 6.95027, 1.4523, -6.97903e-05, 20.5548, 20.5526, -6.06557, 0.00374173, 4.59643e-07, 
42.786, 6.44012, 10.039, 9.04116, -6.69093, 6.89841, 1.4523, -6.97903e-05, 20.5548, 20.5526, -6.06557, 0.00374173, 4.59643e-07, 
42.886, 5.87188, 11.3649, 10.1597, -6.48346, 7.00214, 1.40043, -6.97903e-05, 20.5548, 20.5526, -6.06557, 0.00374173, 4.59643e-07, 
42.986, 5.30363, 11.9332, 10.7189, -6.69093, 6.79467, 1.29669, -6.97903e-05, 20.5548, 20.5526, -6.06557, 0.00374173, 4.59643e-07, 
43.086, 4.54597, 15.1532, 10.9985, -6.69093, 7.20961, 1.29669, -6.97903e-05, 20.5548, 20.5526, -6.06557, 0.00374173, 4.59643e-07, 
43.186, 4.35655, 12.8802, 10.5325, -6.32786, 7.62455, 1.29669, -6.97903e-05, 20.5548, 20.5526, -6.06557, 0.00374173, 4.59643e-07, 
43.286, 3.78831, 10.6073, 9.78682, -6.17226, 7.57269, 1.34856, -6.97903e-05, 20.5548, 20.5526, -6.06557, 0.00374173, 4.59643e-07, 
43.386, 3.22006, 13.2591, 9.5072, -6.01665, 7.20961, 1.34856, -6.97903e-05, 20.5548, 20.5526, -6.06557, 0.00374173, 4.59643e-07, 
43.486, 2.65182, 14.585, 10.6257, -6.17226, 6.63907, 1.4523, -6.97903e-05, 20.5548, 20.5526, -6.06557, 0.00374173, 4.59643e-07, 
43.586, 2.27299, 14.3956, 9.97324, -5.86105, 6.32786, 1.6079, -6.97903e-05, 20.5548, 20.5526, -6.06557, 0.00374173, 4.59643e-07, 
43.686, 1.89415, 14.0167, 10.4393, -6.01665, 7.57269, 1.40043, -6.97903e-05, 20.5548, 20.5526, -6.06557, 0.00374173, 4.59643e-07, 
43.786, 1.51532, 16.2897, 10.3461, -5.80918, 6.32786, 1.29669, -6.97903e-05, 20.5548, 20.5526, -6.06557, 0.00374173, 4.59643e-07, 
43.886, 1.13649, 17.6156, 10.0664, -5.86105, 7.26148, 1.40043, -6.97903e-05, 20.5548, 20.5526, -6.06557, 0.00374173, 4.59643e-07, 
43.986, 0.568246, 17.6156, 10.9985, -5.75732, 6.89841, 1.40043, -6.97903e-05, 20.5548, 20.5526, -6.06557, 0.00374173, 4.59643e-07, 
44.086, -0.189415, 17.9945, 10.9053, -6.01665, 6.27599, 1.19296, -6.97903e-05, 20.5548, 20.5526, -6.06557, 0.00374173, 4.59643e-07, 
44.186, -1.32591, 24.0558, 10.8121, -5.75732, 5.91292, 1.24483, -6.97903e-05, 20.5548, 20.5526, -6.06557, 0.00374173, 4.59643e-07, 
44.286, -3.03065, 37.6937, 11.1849, -6.01665, 2.43778, 1.24483, -6.97903e-05, 20.5548, 20.5526, -6.06557, 0.00374173, 4.59643e-07, 
44.386, -3.97772, 63.4542, 14.0744, -6.01665, 0.0518677, 1.34856, -6.97903e-05, 20.5548, 20.5526, -6.06557, 0.00374173, 4.59643e-07, 
44.486, -4.73539, 74.6297, 19.5736, -5.80918, 0.985486, 1.14109, -6.97903e-05, 20.5548, 20.5526, -6.06557, 0.00374173, 4.59643e-07, 
44.586, -5.87188, 82.3957, 22.8359, -5.49798, 0.518677, 0.985486, -6.97903e-05, 20.5548, 20.5526, -6.06557, 0.00374173, 4.59643e-07, 
44.686, -7.19779, 83.1534, 23.768, -4.9793, -0.155603, 0.622413, -6.97903e-05, 20.5548, 20.5526, -6.06557, 0.00374173, 4.59643e-07, 
44.786, -7.57662, 86.7523, 25.0729, -4.25315, -0.933619, 0.259339, -6.97903e-05, 20.5548, 20.5526, -6.06557, 0.00374173, 4.59643e-07, 
44.886, -8.90252, 87.3205, 24.0476, -3.68261, 0.0518677, -0.207471, -6.97903e-05, 20.5548, 20.5526, -6.06557, 0.00374173, 4.59643e-07, 
44.986, -10.6073, 92.2453, 28.1488, -3.3714, 0.0518677, -0.466809, -6.97903e-05, 20.5548, 20.5526, -6.06557, 0.00374173, 4.59643e-07, 
45.086, -11.1755, 92.0559, 31.411, -3.63074, -1.29669, -0.778016, -6.97903e-05, 20.5548, 20.5526, -6.06557, 0.00374173, 4.59643e-07, 
45.186, -12.1226, 89.5935, 30.0129, -3.16393, -0, -1.08922, -6.97903e-05, 20.5548, 20.5526, -6.06557, 0.00374173, 4.59643e-07, 
45.286, -13.4485, 88.8358, 32.1567, -3.42327, 0.259339, -1.14109, -6.97903e-05, 20.5548, 20.5526, -6.06557, 0.00374173, 4.59643e-07, 
45.386, -14.3956, 82.964, 31.9703, -3.527, -0.0518677, -1.29669, -6.97903e-05, 20.5548, 20.5526, -6.06557, 0.00374173, 4.59643e-07, 
45.486, -15.3426, 75.5768, 32.5295, -3.94195, -0.207471, -1.34856, -6.97903e-05, 20.5548, 20.5526, -6.06557, 0.00374173, 4.59643e-07, 
45.586, -17.0474, 72.5461, 35.6054, -4.46062, -1.19296, -1.08922, -6.97903e-05, 20.5548, 20.5526, -6.06557, 0.00374173, 4.59643e-07, 
45.686, -18.3733, 69.5155, 35.1393, -5.86105, -1.19296, 0.518677, -6.97903e-05, 20.5548, 20.5526, -6.06557, 0.00374173, 4.59643e-07, 
45.786, -19.3204, 61.9388, 37.0967, -7.31335, -0.414942, 1.7635, -6.97903e-05, 20.5548, 20.5526, -6.06557, 0.00374173, 4.59643e-07, 
45.886, -17.0474, 57.5823, 34.3937, -7.98763, -0.622413, 2.33405, -6.97903e-05, 20.5548, 20.5526, -6.06557, 0.00374173, 4.59643e-07, 
45.986, -14.2062, 50.0057, 32.0635, -8.5063, 0.155603, 3.57887, -6.97903e-05, 20.5548, 20.5526, -6.06557, 0.00374173, 4.59643e-07, 
46.086, -5.68246, 43.755, 32.6227, -8.5063, -0.67428, 3.47514, -6.97903e-05, 20.5548, 20.5526, -6.06557, 0.00374173, 4.59643e-07, 
46.186, 5.87188, 28.0335, 31.9703, -9.43992, -1.40043, 3.00833, -6.97903e-05, 20.5548, 20.5526, -6.06557, 0.00374173, 4.59643e-07, 
46.286, 9.28136, 20.4569, 32.8092, -8.66191, 0.0518677, 2.69712, -6.97903e-05, 20.5548, 20.5526, -6.06557, 0.00374173, 4.59643e-07, 
46.386, 9.28136, 17.9945, 33.7412, -8.76564, -2.28218, 2.12658, -6.97903e-05, 20.5548, 20.5526, -6.06557, 0.00374173, 4.59643e-07, 
46.486, 6.81895, 14.9638, 37.5627, -8.45444, -2.07471, 0.778016, -6.97903e-05, 20.5548, 20.5526, -6.06557, 0.00374173, 4.59643e-07, 
46.586, 4.73539, 15.9109, 39.4269, -4.92743, -1.03735, -2.54152, -6.97903e-05, 20.5548, 20.5526, -6.06557, 0.00374173, 4.59643e-07, 
46.686, -1.51532, 14.2062, 39.6133, -6.32786, -0.881751, -3.00833, -6.97903e-05, 20.5548, 20.5526, -6.06557, 0.00374173, 4.59643e-07, 
46.786, -9.28136, 10.039, 37.1899, -5.70545, -2.33405, -2.28218, -6.97903e-05, 20.5548, 20.5526, -6.06557, 0.00374173, 4.59643e-07, 
46.886, -18.1839, 10.2284, 36.9103, -7.52082, -2.17844, -2.17844, -6.97903e-05, 20.5548, 20.5526, -6.06557, 0.00374173, 4.59643e-07, 
46.986, -24.0558, 14.3956, 37.3763, -6.84654, -1.55603, -1.91911, -6.97903e-05, 20.5548, 20.5526, -6.06557, 0.00374173, 4.59643e-07, 
47.086, -26.3287, 13.2591, 37.1899, -7.62455, -1.81537, -1.71163, -6.97903e-05, 20.5548, 20.5526, -6.06557, 0.00374173, 4.59643e-07, 
47.186, -27.4652, 10.7967, 35.6054, -7.31335, -1.24483, -1.81537, -6.97903e-05, 20.5548, 20.5526, -6.06557, 0.00374173, 4.59643e-07, 
47.286, -27.4652, 14.0167, 34.9529, -7.78016, -1.29669, -1.6079, -6.97903e-05, 20.5548, 20.5526, -6.06557, 0.00374173, 4.59643e-07, 
47.386, -28.0335, 13.2591, 33.9276, -7.41708, -0.67428, -1.55603, -6.97903e-05, 20.5548, 20.5526, -6.06557, 0.00374173, 4.59643e-07, 
47.486, -27.6547, 9.47077, 35.9782, -7.83202, -2.12658, -1.4523, -6.97903e-05, 20.5548, 20.5526, -6.06557, 0.00374173, 4.59643e-07, 
47.586, -28.9806, 13.2591, 35.1393, -7.93576, -1.08922, -1.65977, -6.97903e-05, 20.5548, 20.5526, -6.06557, 0.00374173, 4.59643e-07, 
47.686, -28.9806, 14.585, 35.0461, -8.1951, -1.29669, -1.4523, -6.97903e-05, 20.5548, 20.5526, -6.06557, 0.00374173, 4.59643e-07, 
47.786, -29.7382, 14.3956, 35.1393, -8.86938, -1.24483, -1.55603, -6.97903e-05, 20.5548, 20.5526, -6.06557, 0.00374173, 4.59643e-07, 
47.886, -30.8747, 14.7744, 35.6986, -9.28432, -1.29669, -1.6079, -6.97903e-05, 20.5548, 20.5526, -6.06557, 0.00374173, 4.59643e-07, 
47.986, -30.6853, 17.9945, 34.2073, -9.18058, -0.311206, -1.6079, -6.97903e-05, 20.5548, 20.5526, -6.06557, 0.00374173, 4.59643e-07, 
48.086, -32.0112, 17.4262, 33.8344, -8.92125, -1.50416, -1.55603, -6.97903e-05, 20.5548, 20.5526, -6.06557, 0.00374173, 4.59643e-07, 
48.186, -31.2535, 15.3426, 33.5548, -7.00214, -2.23031, -1.6079, -6.97903e-05, 20.5548, 20.5526, -6.06557, 0.00374173, 4.59643e-07, 
48.286, -23.8663, 16.858, 34.3005, -5.44611, -2.12658, -1.7635, -6.97903e-05, 20.5548, 20.5526, -6.06557, 0.00374173, 4.59643e-07, 
48.386, -17.0474, 22.1616, 33.5548, -5.60171, -1.55603, -1.71163, -6.97903e-05, 20.5548, 20.5526, -6.06557, 0.00374173, 4.59643e-07, 
48.486, -13.8273, 21.4039, 32.4363, -5.65358, -0.466809, -1.4523, -6.97903e-05, 20.5548, 20.5526, -6.06557, 0.00374173, 4.59643e-07, 
48.586, -13.6379, 19.131, 34.7665, -5.49798, -2.28218, -1.34856, -6.97903e-05, 20.5548, 20.5526, -6.06557, 0.00374173, 4.59643e-07, 
48.686, -13.6379, 21.4039, 31.8771, -5.23864, -0.414942, -1.55603, -6.97903e-05, 20.5548, 20.5526, -6.06557, 0.00374173, 4.59643e-07, 
48.786, -13.0697, 24.4346, 32.9024, -5.03117, -2.85272, -1.6079, -6.97903e-05, 20.5548, 20.5526, -6.06557, 0.00374173, 4.59643e-07, 
48.886, -12.312, 23.1087, 33.5548, -4.87556, -1.34856, -1.65977, -6.97903e-05, 20.5548, 20.5526, -6.06557, 0.00374173, 4.59643e-07, 
48.986, -12.5014, 23.6769, 32.3431, -4.66809, -1.6079, -1.55603, -6.97903e-05, 20.5548, 20.5526, -6.06557, 0.00374173, 4.59643e-07, 
49.086, -12.6908, 20.4569, 32.2499, -4.61623, -1.19296, -1.55603, -6.97903e-05, 20.5548, 20.5526, -6.06557, 0.00374173, 4.59643e-07, 
49.186, -12.5014, 23.2981, 31.9703, -4.35689, -2.74899, -1.50416, -6.97903e-05, 20.5548, 20.5526, -6.06557, 0.00374173, 4.59643e-07, 
49.286, -12.312, 25.1923, 31.5042, -4.51249, -0.778016, -1.50416, -6.97903e-05, 20.5548, 20.5526, -6.06557, 0.00374173, 4.59643e-07, 
49.386, -12.5014, 26.1393, 32.1567, -4.46062, -2.02284, -1.40043, -6.97903e-05, 20.5548, 20.5526, -6.06557, 0.00374173, 4.59643e-07, 
49.486, -12.6908, 26.7076, 30.479, -4.56436, -1.24483, -1.4523, -6.97903e-05, 20.5548, 20.5526, -6.06557, 0.00374173, 4.59643e-07, 
49.586, -12.312, 25.5711, 31.411, -4.66809, -1.14109, -1.34856, -6.97903e-05, 20.5548, 20.5526, -6.06557, 0.00374173, 4.59643e-07, 
49.686, -12.6908, 25.1923, 31.2246, -4.71996, -1.65977, -1.34856, -6.97903e-05, 20.5548, 20.5526, -6.06557, 0.00374173, 4.59643e-07, 
49.786, -12.8802, 27.2758, 29.8265, -4.61623, -0.829883, -1.40043, -6.97903e-05, 20.5548, 20.5526, -6.06557, 0.00374173, 4.59643e-07, 
49.886, -12.6908, 29.17, 30.3857, -4.8237, -1.71163, -1.34856, -6.97903e-05, 20.5548, 20.5526, -6.06557, 0.00374173, 4.59643e-07, 
49.986, -12.6908, 30.8747, 31.5974, -4.61623, -1.6079, -1.34856, -6.97903e-05, 20.5548, 20.5526, -6.06557, 0.00374173, 4.59643e-07, 
50.086, -12.6908, 29.17, 31.2246, -4.56436, -1.03735, -1.24483, -6.97903e-05, 20.5548, 20.5526, -6.06557, 0.00374173, 4.59643e-07, 
50.186, -11.9332, 29.9276, 30.945, -4.51249, -0.985486, -1.24483, -6.97903e-05, 20.5548, 20.5526, -6.06557, 0.00374173, 4.59643e-07, 
50.286, -12.312, 30.3065, 30.5722, -4.77183, -2.02284, -1.08922, -6.97903e-05, 20.5548, 20.5526, -6.06557, 0.00374173, 4.59643e-07, 
50.386, -12.6908, 28.9806, 30.7586, -4.56436, -1.29669, -1.14109, -6.97903e-05, 20.5548, 20.5526, -6.06557, 0.00374173, 4.59643e-07, 
50.486, -12.8802, 29.7382, 29.3605, -4.40876, -0.570545, -1.19296, -6.97903e-05, 20.5548, 20.5526, -6.06557, 0.00374173, 4.59643e-07, 
50.586, -13.4485, 37.1254, 26.2846, -4.35689, -0.363074, -1.08922, -6.97903e-05, 20.5548, 20.5526, -6.06557, 0.00374173, 4.59643e-07, 
50.686, -13.4485, 63.2647, 12.6763, -4.66809, 3.94195, -1.19296, -6.97903e-05, 20.5548, 20.5526, -6.06557, 0.00374173, 4.59643e-07, 
50.786, -14.2062, 78.6074, 9.69361, -4.40876, 5.08304, -1.03735, -6.97903e-05, 20.5548, 20.5526, -6.06557, 0.00374173, 4.59643e-07, 
50.886, -14.0167, 94.5183, 7.177, -4.56436, 6.22413, -1.19296, -6.97903e-05, 20.5548, 20.5526, -6.06557, 0.00374173, 4.59643e-07, 
50.986, -13.2591, 99.6325, 5.40605, -4.71996, 4.9793, -1.19296, -6.97903e-05, 20.5548, 20.5526, -6.06557, 0.00374173, 4.59643e-07, 
51.086, -12.6908, 99.8219, 4.47398, -4.71996, 5.39424, -0.985486, -6.97903e-05, 20.5548, 20.5526, -6.06557, 0.00374173, 4.59643e-07, 
51.186, -12.1226, 105.883, 3.26227, -5.39424, 5.1349, -0.726148, -6.97903e-05, 20.5548, 20.5526, -6.06557, 0.00374173, 4.59643e-07, 
51.286, -10.9861, 100.769, 2.14378, -6.37973, 5.65358, -0.466809, -6.97903e-05, 20.5548, 20.5526, -6.06557, 0.00374173, 4.59643e-07, 
51.386, -8.14486, 100.39, 3.5419, -7.72829, 6.79467, 0.259339, -6.97903e-05, 20.5548, 20.5526, -6.06557, 0.00374173, 4.59643e-07, 
51.486, -5.68246, 96.223, 3.91473, -8.24697, 5.96479, 0.829883, -6.97903e-05, 20.5548, 20.5526, -6.06557, 0.00374173, 4.59643e-07, 
51.586, -3.40948, 90.3512, 4.47398, -7.98763, 6.63907, 1.08922, -6.97903e-05, 20.5548, 20.5526, -6.06557, 0.00374173, 4.59643e-07, 
51.686, -1.32591, 88.457, 3.07586, -7.88389, 6.48346, 1.29669, -6.97903e-05, 20.5548, 20.5526, -6.06557, 0.00374173, 4.59643e-07, 
51.786, -0, 85.8052, 5.31285, -7.98763, 7.10588, 1.40043, -6.97903e-05, 20.5548, 20.5526, -6.06557, 0.00374173, 4.59643e-07, 
51.886, 1.51532, 80.3121, 7.08379, -8.24697, 7.00214, 1.50416, -6.97903e-05, 20.5548, 20.5526, -6.06557, 0.00374173, 4.59643e-07, 
51.986, 2.08357, 77.2815, 6.43134, -7.62455, 6.4316, 1.65977, -6.97903e-05, 20.5548, 20.5526, -6.06557, 0.00374173, 4.59643e-07, 
52.086, 2.08357, 74.0614, 8.3887, -8.55817, 6.06852, 1.86724, -6.97903e-05, 20.5548, 20.5526, -6.06557, 0.00374173, 4.59643e-07, 
52.186, 1.89415, 70.8414, 7.177, -8.03949, 7.62455, 1.71163, -6.97903e-05, 20.5548, 20.5526, -6.06557, 0.00374173, 4.59643e-07, 
52.286, 0.378831, 71.2202, 8.2955, -8.24697, 8.14323, 1.65977, -6.97903e-05, 20.5548, 20.5526, -6.06557, 0.00374173, 4.59643e-07, 
52.386, -1.51532, 68.5684, 9.32078, -8.1951, 6.63907, 1.55603, -6.97903e-05, 20.5548, 20.5526, -6.06557, 0.00374173, 4.59643e-07, 
52.486, -4.35655, 66.2954, 8.85474, -7.67642, 7.31335, 1.40043, -6.97903e-05, 20.5548, 20.5526, -6.06557, 0.00374173, 4.59643e-07, 
52.586, -8.71311, 62.6965, 9.6004, -7.93576, 7.05401, 1.40043, -6.97903e-05, 20.5548, 20.5526, -6.06557, 0.00374173, 4.59643e-07, 
52.686, -13.4485, 60.4235, 8.76153, -7.57269, 6.17226, 1.29669, -6.97903e-05, 20.5548, 20.5526, -6.06557, 0.00374173, 4.59643e-07, 
52.786, -15.5321, 57.014, 9.5072, -7.46895, 6.22413, 0.726148, -6.97903e-05, 20.5548, 20.5526, -6.06557, 0.00374173, 4.59643e-07, 
52.886, -16.6686, 55.3093, 10.9985, -4.46062, 6.95027, -0.778016, -6.97903e-05, 20.5548, 20.5526, -6.06557, 0.00374173, 4.59643e-07, 
52.986, -16.2897, 52.0892, 11.0917, -3.89008, 7.00214, -1.71163, -6.97903e-05, 20.5548, 20.5526, -6.06557, 0.00374173, 4.59643e-07, 
53.086, -15.7215, 49.8163, 12.117, -3.11206, 6.69093, -2.02284, -6.97903e-05, 20.5548, 20.5526, -6.06557, 0.00374173, 4.59643e-07, 
53.186, -14.7744, 47.7327, 10.7189, -3.78634, 7.41708, -2.12658, -6.97903e-05, 20.5548, 20.5526, -6.06557, 0.00374173, 4.59643e-07, 
53.286, -12.312, 43.1867, 12.3966, -2.95646, 6.84654, -2.38591, -6.97903e-05, 20.5548, 20.5526, -6.06557, 0.00374173, 4.59643e-07, 
53.386, -7.19779, 37.1254, 14.0744, -3.3714, 6.89841, -2.48965, -6.97903e-05, 20.5548, 20.5526, -6.06557, 0.00374173, 4.59643e-07, 
53.486, -0.947077, 32.0112, 13.9812, -3.00833, 5.91292, -2.23031, -6.97903e-05, 20.5548, 20.5526, -6.06557, 0.00374173, 4.59643e-07, 
53.586, 5.68246, 27.4652, 15.0065, -2.85272, 6.7428, -2.74899, -6.97903e-05, 20.5548, 20.5526, -6.06557, 0.00374173, 4.59643e-07, 
53.686, 10.7967, 26.1393, 15.2861, -2.90459, 5.80918, -2.28218, -6.97903e-05, 20.5548, 20.5526, -6.06557, 0.00374173, 4.59643e-07, 
53.786, 12.8802, 26.1393, 15.1929, -3.47514, 6.79467, -2.23031, -6.97903e-05, 20.5548, 20.5526, -6.06557, 0.00374173, 4.59643e-07, 
53.886, 13.4485, 27.0864, 19.1076, -4.04568, 7.05401, -1.81537, -6.97903e-05, 20.5548, 20.5526, -6.06557, 0.00374173, 4.59643e-07, 
53.986, 12.6908, 28.7911, 26.471, -3.94195, 2.54152, -1.6079, -6.97903e-05, 20.5548, 20.5526, -6.06557, 0.00374173, 4.59643e-07, 
54.086, 8.14486, 35.4207, 28.8944, -4.35689, 0.933619, -1.08922, -6.97903e-05, 20.5548, 20.5526, -6.06557, 0.00374173, 4.59643e-07, 
54.186, 0.568246, 44.702, 31.5042, -5.60171, 0.778016, -0.726148, -6.97903e-05, 20.5548, 20.5526, -6.06557, 0.00374173, 4.59643e-07, 
54.286, -8.52369, 49.4374, 32.6227, -7.72829, 0.466809, 1.08922, -6.97903e-05, 20.5548, 20.5526, -6.06557, 0.00374173, 4.59643e-07, 
54.386, -14.3956, 50.0057, 32.7159, -7.93576, 1.03735, 2.02284, -6.97903e-05, 20.5548, 20.5526, -6.06557, 0.00374173, 4.59643e-07, 
54.486, -18.1839, 49.6268, 33.8344, -8.3507, -0.518677, 2.54152, -6.97903e-05, 20.5548, 20.5526, -6.06557, 0.00374173, 4.59643e-07, 
54.586, -15.7215, 44.1338, 32.3431, -8.76564, -0.259339, 3.2158, -6.97903e-05, 20.5548, 20.5526, -6.06557, 0.00374173, 4.59643e-07, 
54.686, -7.3872, 28.4123, 32.8092, -9.23245, -1.34856, 3.99381, -6.97903e-05, 20.5548, 20.5526, -6.06557, 0.00374173, 4.59643e-07, 
54.786, 10.7967, 22.351, 32.8092, -8.66191, -0.570545, 3.31953, -6.97903e-05, 20.5548, 20.5526, -6.06557, 0.00374173, 4.59643e-07, 
54.886, 19.5098, 15.3426, 34.9529, -8.45444, -0.881751, 3.2158, -6.97903e-05, 20.5548, 20.5526, -6.06557, 0.00374173, 4.59643e-07, 
54.986, 24.624, 10.9861, 37.656, -7.72829, -1.19296, 1.7635, -6.97903e-05, 20.5548, 20.5526, -6.06557, 0.00374173, 4.59643e-07, 
55.086, 22.5404, 7.76603, 44.3669, -4.8237, -1.81537, -1.14109, -6.97903e-05, 20.5548, 20.5526, -6.06557, 0.00374173, 4.59643e-07, 
55.186, 13.4485, -0.189415, 42.7824, -3.57887, -2.69712, -2.02284, -6.97903e-05, 20.5548, 20.5526, -6.06557, 0.00374173, 4.59643e-07, 
55.286, 2.65182, 0.568246, 40.2658, -3.99381, -1.6079, -2.07471, -6.97903e-05, 20.5548, 20.5526, -6.06557, 0.00374173, 4.59643e-07, 
55.386, -7.00837, -1.89415, 41.0114, -4.35689, -1.19296, -1.71163, -6.97903e-05, 20.5548, 20.5526, -6.06557, 0.00374173, 4.59643e-07, 
55.486, -10.9861, 3.59889, 39.0541, -4.40876, -1.71163, -1.6079, -6.97903e-05, 20.5548, 20.5526, -6.06557, 0.00374173, 4.59643e-07, 
55.586, -12.1226, 2.4624, 39.9862, -4.61623, -3.2158, -1.50416, -6.97903e-05, 20.5548, 20.5526, -6.06557, 0.00374173, 4.59643e-07, 
55.686, -12.5014, 2.08357, 40.1726, -4.87556, -2.80086, -1.65977, -6.97903e-05, 20.5548, 20.5526, -6.06557, 0.00374173, 4.59643e-07, 
55.786, -12.312, 2.27299, 41.2911, -4.87556, -2.69712, -1.50416, -6.97903e-05, 20.5548, 20.5526, -6.06557, 0.00374173, 4.59643e-07, 
55.886, -12.6908, 2.27299, 38.8677, -4.56436, -3.68261, -1.55603, -6.97903e-05, 20.5548, 20.5526, -6.06557, 0.00374173, 4.59643e-07, 
55.986, -13.4485, 1.51532, 35.885, -4.25315, -3.06019, -1.55603, -6.97903e-05, 20.5548, 20.5526, -6.06557, 0.00374173, 4.59643e-07, 
56.086, -13.4485, 7.57662, 38.2152, -4.40876, -2.38591, -1.29669, -6.97903e-05, 20.5548, 20.5526, -6.06557, 0.00374173, 4.59643e-07, 
56.186, -14.2062, 3.03065, 36.4443, -4.40876, -3.2158, -1.29669, -6.97903e-05, 20.5548, 20.5526, -6.06557, 0.00374173, 4.59643e-07, 
56.286, -13.6379, 7.95545, 39.0541, -4.51249, -1.40043, -1.24483, -6.97903e-05, 20.5548, 20.5526, -6.06557, 0.00374173, 4.59643e-07, 
56.386, -14.2062, 11.3649, 35.3258, -4.20128, -2.64525, -1.14109, -6.97903e-05, 20.5548, 20.5526, -6.06557, 0.00374173, 4.59643e-07, 
56.486, -14.585, 14.9638, 36.1646, -4.35689, -3.47514, -0.985486, -6.97903e-05, 20.5548, 20.5526, -6.06557, 0.00374173, 4.59643e-07, 
56.586, -14.2062, 21.0251, 32.9956, -4.40876, -2.07471, -1.08922, -6.97903e-05, 20.5548, 20.5526, -6.06557, 0.00374173, 4.59643e-07, 
56.686, -14.3956, 31.0641, 31.1314, -4.20128, -1.6079, -0.778016, -6.97903e-05, 20.5548, 20.5526, -6.06557, 0.00374173, 4.59643e-07, 
56.786, -14.7744, 39.209, 28.0556, -4.46062, -0.466809, -0.933619, -6.97903e-05, 20.5548, 20.5526, -6.06557, 0.00374173, 4.59643e-07, 
56.886, -14.0167, 69.326, 12.9559, -4.04568, 4.09755, -0.778016, -6.97903e-05, 20.5548, 20.5526, -6.06557, 0.00374173, 4.59643e-07, 
56.986, -14.3956, 88.0782, 8.94795, -4.09755, 5.29051, -0.778016, -6.97903e-05, 20.5548, 20.5526, -6.06557, 0.00374173, 4.59643e-07, 
57.086, -14.2062, 95.6548, 7.08379, -4.51249, 5.86105, -0.829883, -6.97903e-05, 20.5548, 20.5526, -6.06557, 0.00374173, 4.59643e-07, 
57.186, -12.6908, 100.769, 6.33813, -4.30502, 5.18677, -0.881751, -6.97903e-05, 20.5548, 20.5526, -6.06557, 0.00374173, 4.59643e-07, 
57.286, -12.5014, 99.4431, 5.40605, -4.8237, 5.23864, -0.829883, -6.97903e-05, 20.5548, 20.5526, -6.06557, 0.00374173, 4.59643e-07, 
57.386, -11.7438, 103.042, 4.10114, -5.54984, 7.15774, -0.622413, -6.97903e-05, 20.5548, 20.5526, -6.06557, 0.00374173, 4.59643e-07, 
57.486, -10.4178, 102.474, 4.47398, -6.27599, 7.05401, -0.207471, -6.97903e-05, 20.5548, 20.5526, -6.06557, 0.00374173, 4.59643e-07, 
57.586, -9.47077, 102.284, 3.5419, -7.00214, 6.7428, 0.0518677, -6.97903e-05, 20.5548, 20.5526, -6.06557, 0.00374173, 4.59643e-07, 
57.686, -7.95545, 99.4431, 4.56718, -7.83202, 5.44611, 0.466809, -6.97903e-05, 20.5548, 20.5526, -6.06557, 0.00374173, 4.59643e-07, 
57.786, -6.06129, 99.0643, 2.05057, -8.09136, 6.5872, 0.881751, -6.97903e-05, 20.5548, 20.5526, -6.06557, 0.00374173, 4.59643e-07, 
57.886, -4.9248, 95.6548, 4.00794, -8.66191, 6.7428, 1.03735, -6.97903e-05, 20.5548, 20.5526, -6.06557, 0.00374173, 4.59643e-07, 
57.986, -3.03065, 88.0782, 5.31285, -8.24697, 7.10588, 1.24483, -6.97903e-05, 20.5548, 20.5526, -6.06557, 0.00374173, 4.59643e-07, 
58.086, -1.89415, 85.6158, 5.68568, -7.52082, 6.48346, 1.40043, -6.97903e-05, 20.5548, 20.5526, -6.06557, 0.00374173, 4.59643e-07, 
58.186, -1.51532, 82.964, 4.47398, -7.98763, 7.78016, 1.65977, -6.97903e-05, 20.5548, 20.5526, -6.06557, 0.00374173, 4.59643e-07, 
58.286, -1.70474, 78.9862, 5.03322, -7.67642, 6.7428, 1.71163, -6.97903e-05, 20.5548, 20.5526, -6.06557, 0.00374173, 4.59643e-07, 
58.386, -2.65182, 71.599, 5.49926, -7.88389, 6.69093, 1.6079, -6.97903e-05, 20.5548, 20.5526, -6.06557, 0.00374173, 4.59643e-07, 
58.486, -4.73539, 73.4932, 6.33813, -8.03949, 7.93576, 1.50416, -6.97903e-05, 20.5548, 20.5526, -6.06557, 0.00374173, 4.59643e-07, 
58.586, -8.14486, 69.5155, 7.64304, -7.83202, 6.79467, 1.4523, -6.97903e-05, 20.5548, 20.5526, -6.06557, 0.00374173, 4.59643e-07, 
58.686, -12.1226, 65.1589, 7.177, -7.57269, 6.4316, 1.24483, -6.97903e-05, 20.5548, 20.5526, -6.06557, 0.00374173, 4.59643e-07, 
58.786, -15.1532, 60.4235, 8.66833, -7.31335, 5.96479, 0.985486, -6.97903e-05, 20.5548, 20.5526, -6.06557, 0.00374173, 4.59643e-07, 
58.886, -16.1003, 58.5294, 7.73625, -4.92743, 7.26148, -1.03735, -6.97903e-05, 20.5548, 20.5526, -6.06557, 0.00374173, 4.59643e-07, 
58.986, -16.4791, 54.9305, 10.3461, -3.89008, 7.20961, -1.7635, -6.97903e-05, 20.5548, 20.5526, -6.06557, 0.00374173, 4.59643e-07, 
59.086, -15.5321, 50.9527, 11.9306, -3.99381, 6.48346, -2.07471, -6.97903e-05, 20.5548, 20.5526, -6.06557, 0.00374173, 4.59643e-07, 
59.186, -14.2062, 48.4903, 11.7442, -3.68261, 7.36521, -2.38591, -6.97903e-05, 20.5548, 20.5526, -6.06557, 0.00374173, 4.59643e-07, 
59.286, -10.9861, 43.1867, 12.0238, -3.42327, 6.7428, -2.69712, -6.97903e-05, 20.5548, 20.5526, -6.06557, 0.00374173, 4.59643e-07, 
59.386, -3.59889, 35.6101, 12.7695, -3.3714, 7.15774, -2.85272, -6.97903e-05, 20.5548, 20.5526, -6.06557, 0.00374173, 4.59643e-07, 
59.486, 5.30363, 27.0864, 13.4219, -3.16393, 6.79467, -2.59339, -6.97903e-05, 20.5548, 20.5526, -6.06557, 0.00374173, 4.59643e-07, 
59.586, 12.1226, 25.3817, 13.0491, -3.00833, 6.95027, -2.38591, -6.97903e-05, 20.5548, 20.5526, -6.06557, 0.00374173, 4.59643e-07, 
59.686, 16.1003, 23.8663, 13.2355, -3.26767, 6.17226, -2.23031, -6.97903e-05, 20.5548, 20.5526, -6.06557, 0.00374173, 4.59643e-07, 
59.786, 16.858, 21.9722, 11.9306, -3.31953, 7.41708, -1.97097, -6.97903e-05, 20.5548, 20.5526, -6.06557, 0.00374173, 4.59643e-07, 
59.886, 16.858, 20.4569, 11.2781, -3.83821, 7.93576, -1.24483, -6.97903e-05, 20.5548, 20.5526, -6.06557, 0.00374173, 4.59643e-07, 
59.986, 18.1839, 21.0251, 10.9985, -4.20128, 7.31335, -0.829883, -6.97903e-05, 20.5548, 20.5526, -6.06557, 0.00374173, 4.59643e-07, 
60.086, 17.9945, 18.7521, 9.5072, -7.10588, 7.41708, 1.34856, -6.97903e-05, 20.5548, 20.5526, -6.06557, 0.00374173, 4.59643e-07, 
60.186, 16.1003, 20.2674, 10.9985, -7.98763, 7.26148, 1.91911, -6.97903e-05, 20.5548, 20.5526, -6.06557, 0.00374173, 4.59643e-07, 
60.286, 14.3956, 20.2674, 9.13437, -7.41708, 6.27599, 2.07471, -6.97903e-05, 20.5548, 20.5526, -6.06557, 0.00374173, 4.59643e-07, 
60.386, 11.5543, 18.1839, 10.6257, -7.15774, 7.05401, 1.71163, -6.97903e-05, 20.5548, 20.5526, -6.06557, 0.00374173, 4.59643e-07, 
60.486, 9.66019, 18.9415, 10.7189, -7.62455, 5.23864, 1.81537, -6.97903e-05, 20.5548, 20.5526, -6.06557, 0.00374173, 4.59643e-07, 
60.586, 7.3872, 17.4262, 10.4393, -7.57269, 8.29883, 1.6079, -6.97903e-05, 20.5548, 20.5526, -6.06557, 0.00374173, 4.59643e-07, 
60.686, 6.06129, 15.7215, 11.2781, -7.00214, 7.15774, 1.4523, -6.97903e-05, 20.5548, 20.5526, -6.06557, 0.00374173, 4.59643e-07, 
60.786, 4.9248, 15.1532, 11.9306, -6.7428, 6.89841, 1.19296, -6.97903e-05, 20.5548, 20.5526, -6.06557, 0.00374173, 4.59643e-07, 
60.886, 4.73539, 18.7521, 10.9053, -6.84654, 6.01665, 1.4523, -6.97903e-05, 20.5548, 20.5526, -6.06557, 0.00374173, 4.59643e-07, 
60.986, 3.78831, 17.6156, 11.8374, -7.00214, 7.05401, 1.4523, -6.97903e-05, 20.5548, 20.5526, -6.06557, 0.00374173, 4.59643e-07, 
61.086, 3.59889, 19.8886, 11.5578, -7.05401, 6.53533, 1.50416, -6.97903e-05, 20.5548, 20.5526, -6.06557, 0.00374173, 4.59643e-07, 
61.186, 3.40948, 21.2145, 11.7442, -7.05401, 6.32786, 1.55603, -6.97903e-05, 20.5548, 20.5526, -6.06557, 0.00374173, 4.59643e-07, 
61.286, 3.22006, 20.4569, 11.1849, -7.52082, 6.22413, 1.6079, -6.97903e-05, 20.5548, 20.5526, -6.06557, 0.00374173, 4.59643e-07, 
61.386, 1.32591, 25.0028, 11.2781, -7.41708, 6.69093, 1.55603, -6.97903e-05, 20.5548, 20.5526, -6.06557, 0.00374173, 4.59643e-07, 
61.486, -1.51532, 31.2535, 14.354, -7.52082, 4.46062, 1.34856, -6.97903e-05, 20.5548, 20.5526, -6.06557, 0.00374173, 4.59643e-07, 
61.586, -6.25071, 54.5516, 26.005, -7.67642, 1.08922, 1.34856, -6.97903e-05, 20.5548, 20.5526, -6.06557, 0.00374173, 4.59643e-07, 
61.686, -9.28136, 66.106, 29.9197, -7.72829, 0.570545, 1.34856, -6.97903e-05, 20.5548, 20.5526, -6.06557, 0.00374173, 4.59643e-07, 
61.786, -12.5014, 77.6603, 31.1314, -7.52082, -0.363074, 1.24483, -6.97903e-05, 20.5548, 20.5526, -6.06557, 0.00374173, 4.59643e-07, 
61.886, -14.2062, 76.145, 33.3684, -7.46895, 0.311206, 1.40043, -6.97903e-05, 20.5548, 20.5526, -6.06557, 0.00374173, 4.59643e-07, 
61.986, -16.858, 75.1979, 36.0714, -7.67642, -0.622413, 1.40043, -6.97903e-05, 20.5548, 20.5526, -6.06557, 0.00374173, 4.59643e-07, 
62.086, -19.5098, 72.1673, 35.3258, -8.14323, -0.0518677, 1.4523, -6.97903e-05, 20.5548, 20.5526, -6.06557, 0.00374173, 4.59643e-07, 
62.186, -20.2674, 63.833, 39.9862, -8.14323, 0.0518677, 2.54152, -6.97903e-05, 20.5548, 20.5526, -6.06557, 0.00374173, 4.59643e-07, 
62.286, -17.0474, 56.2564, 36.5375, -8.76564, -0.207471, 3.527, -6.97903e-05, 20.5548, 20.5526, -6.06557, 0.00374173, 4.59643e-07, 
62.386, -1.70474, 37.5043, 37.3763, -9.49179, -0.311206, 4.25315, -6.97903e-05, 20.5548, 20.5526, -6.06557, 0.00374173, 4.59643e-07, 
62.486, 23.1087, 14.9638, 40.4522, -9.69926, -2.17844, 3.3714, -6.97903e-05, 20.5548, 20.5526, -6.06557, 0.00374173, 4.59643e-07, 
62.586, 32.0112, 3.97772, 46.6039, -6.63907, -1.24483, 0.933619, -6.97903e-05, 20.5548, 20.5526, -6.06557, 0.00374173, 4.59643e-07, 
62.686, 21.9722, -14.3956, 53.4081, -4.14942, -1.65977, -3.57887, -6.97903e-05, 20.5548, 20.5526, -6.06557, 0.00374173, 4.59643e-07, 
62.786, -0.568246, -23.2981, 49.1205, -3.527, -3.68261, -2.59339, -6.97903e-05, 20.5548, 20.5526, -6.06557, 0.00374173, 4.59643e-07, 
62.886, -14.9638, -25.1923, 49.9594, -4.30502, -4.14942, -2.17844, -6.97903e-05, 20.5548, 20.5526, -6.06557, 0.00374173, 4.59643e-07, 
62.986, -16.6686, -25.0028, 47.536, -4.46062, -3.57887, -1.55603, -6.97903e-05, 20.5548, 20.5526, -6.06557, 0.00374173, 4.59643e-07, 
63.086, -16.858, -29.3594, 48.9341, -4.30502, -0.67428, -1.7635, -6.97903e-05, 20.5548, 20.5526, -6.06557, 0.00374173, 4.59643e-07, 
63.186, -14.585, -31.8218, 53.7809, -5.1349, -3.3714, -1.81537, -6.97903e-05, 20.5548, 20.5526, -6.06557, 0.00374173, 4.59643e-07, 
63.286, -15.1532, -31.0641, 46.1379, -5.03117, -2.02284, -1.50416, -6.97903e-05, 20.5548, 20.5526, -6.06557, 0.00374173, 4.59643e-07, 
63.386, -15.3426, -31.8218, 46.3243, -4.56436, -3.00833, -1.34856, -6.97903e-05, 20.5548, 20.5526, -6.06557, 0.00374173, 4.59643e-07, 
63.486, -14.3956, -31.8218, 45.9515, -4.46062, -5.08304, -1.14109, -6.97903e-05, 20.5548, 20.5526, -6.06557, 0.00374173, 4.59643e-07, 
63.586, -13.6379, -31.443, 51.8235, -4.66809, -2.54152, -1.08922, -6.97903e-05, 20.5548, 20.5526, -6.06557, 0.00374173, 4.59643e-07, 
63.686, -12.312, -27.8441, 46.9767, -4.56436, -3.83821, -0.570545, -6.97903e-05, 20.5548, 20.5526, -6.06557, 0.00374173, 4.59643e-07, 
63.786, -11.7438, -23.2981, 39.1473, -5.08304, -4.30502, -0.622413, -6.97903e-05, 20.5548, 20.5526, -6.06557, 0.00374173, 4.59643e-07, 
63.886, -20.078, 17.805, 37.7492, -4.46062, -4.8237, -0.311206, -6.97903e-05, 20.5548, 20.5526, -6.06557, 0.00374173, 4.59643e-07, 
63.986, -27.8441, 75.3873, 15.7521, -3.99381, 3.47514, -0.518677, -6.97903e-05, 20.5548, 20.5526, -6.06557, 0.00374173, 4.59643e-07, 
64.086, -28.7911, 207.789, -12.0238, -4.71996, 8.40257, -1.40043, -6.97903e-05, 20.5548, 20.5526, -6.06557, 0.00374173, 4.59643e-07, 
64.186, -16.2897, 203.053, -16.9638, -5.80918, 6.06852, -1.4523, -6.97903e-05, 20.5548, 20.5526, -6.06557, 0.00374173, 4.59643e-07, 
64.286, -0.757662, 156.078, -7.36342, -7.41708, 4.14942, -1.24483, -6.97903e-05, 20.5548, 20.5526, -6.06557, 0.00374173, 4.59643e-07, 
64.386, 9.8496, 141.304, -1.58453, -9.64739, 8.3507, -0.0518677, -6.97903e-05, 20.5548, 20.5526, -6.06557, 0.00374173, 4.59643e-07, 
64.486, 12.5014, 132.401, -0.372831, -8.71378, 8.29883, 0.103735, -6.97903e-05, 20.5548, 20.5526, -6.06557, 0.00374173, 4.59643e-07, 
64.586, 14.3956, 123.499, -0.0932078, -7.46895, 5.18677, 0.466809, -6.97903e-05, 20.5548, 20.5526, -6.06557, 0.00374173, 4.59643e-07, 
64.686, 14.9638, 115.165, 2.05057, -7.72829, 4.87556, 0.570545, -6.97903e-05, 20.5548, 20.5526, -6.06557, 0.00374173, 4.59643e-07, 
64.786, 14.2062, 103.421, 4.84681, -8.71378, 7.15774, 0.622413, -6.97903e-05, 20.5548, 20.5526, -6.06557, 0.00374173, 4.59643e-07, 
64.886, 14.3956, 93.1924, 8.2955, -8.76564, 7.78016, 0.726148, -6.97903e-05, 20.5548, 20.5526, -6.06557, 0.00374173, 4.59643e-07, 
64.986, 15.7215, 88.457, 10.8121, -8.92125, 8.09136, 0.726148, -6.97903e-05, 20.5548, 20.5526, -6.06557, 0.00374173, 4.59643e-07, 
65.086, 14.7744, 77.6603, 12.117, -8.66191, 6.17226, 0.985486, -6.97903e-05, 20.5548, 20.5526, -6.06557, 0.00374173, 4.59643e-07, 
65.186, 15.5321, 72.7355, 13.2355, -8.5063, 5.49798, 1.14109, -6.97903e-05, 20.5548, 20.5526, -6.06557, 0.00374173, 4.59643e-07, 
65.286, 15.1532, 61.56, 17.9891, -8.81751, 4.30502, 1.08922, -6.97903e-05, 20.5548, 20.5526, -6.06557, 0.00374173, 4.59643e-07, 
65.386, 14.0167, 30.8747, 33.0888, -8.45444, 0.311206, 0.985486, -6.97903e-05, 20.5548, 20.5526, -6.06557, 0.00374173, 4.59643e-07, 
65.486, 13.2591, 18.3733, 35.6986, -8.5063, -0.518677, 0.622413, -6.97903e-05, 20.5548, 20.5526, -6.06557, 0.00374173, 4.59643e-07, 
65.586, 11.9332, 12.1226, 36.6307, -7.93576, -1.91911, -0, -6.97903e-05, 20.5548, 20.5526, -6.06557, 0.00374173, 4.59643e-07, 
65.686, 11.1755, 11.7438, 37.7492, -7.10588, -0.622413, -0.466809, -6.97903e-05, 20.5548, 20.5526, -6.06557, 0.00374173, 4.59643e-07, 
65.786, 10.039, 7.3872, 37.656, -6.79467, -0.622413, -0.518677, -6.97903e-05, 20.5548, 20.5526, -6.06557, 0.00374173, 4.59643e-07, 
65.886, 8.52369, 8.90252, 39.6133, -6.7428, -2.48965, -0.726148, -6.97903e-05, 20.5548, 20.5526, -6.06557, 0.00374173, 4.59643e-07, 
65.986, 6.06129, 8.14486, 37.2831, -6.17226, -1.55603, -0.726148, -6.97903e-05, 20.5548, 20.5526, -6.06557, 0.00374173, 4.59643e-07, 
66.086, 4.16714, 14.0167, 35.7918, -5.70545, -1.65977, -0.933619, -6.97903e-05, 20.5548, 20.5526, -6.06557, 0.00374173, 4.59643e-07, 
66.186, 0.568246, 14.585, 34.5801, -5.96479, -0.778016, -0.933619, -6.97903e-05, 20.5548, 20.5526, -6.06557, 0.00374173, 4.59643e-07, 
66.286, -0, 21.4039, 35.7918, -5.75732, -0.363074, -0.829883, -6.97903e-05, 20.5548, 20.5526, -6.06557, 0.00374173, 4.59643e-07, 
66.386, -0.378831, 16.2897, 34.4869, -5.60171, -0.933619, -0.829883, -6.97903e-05, 20.5548, 20.5526, -6.06557, 0.00374173, 4.59643e-07, 
66.486, -1.70474, 19.5098, 35.2326, -5.39424, -1.40043, -0.985486, -6.97903e-05, 20.5548, 20.5526, -6.06557, 0.00374173, 4.59643e-07, 
66.586, -3.03065, 19.8886, 34.0209, -5.08304, -1.24483, -0.985486, -6.97903e-05, 20.5548, 20.5526, -6.06557, 0.00374173, 4.59643e-07, 
66.686, -4.16714, 19.131, 32.7159, -5.23864, -2.28218, -1.03735, -6.97903e-05, 20.5548, 20.5526, -6.06557, 0.00374173, 4.59643e-07, 
66.786, -5.11422, 20.6463, 34.8597, -5.1349, -2.95646, -0.881751, -6.97903e-05, 20.5548, 20.5526, -6.06557, 0.00374173, 4.59643e-07, 
66.886, -6.81895, 20.4569, 33.648, -5.03117, -2.28218, -0.933619, -6.97903e-05, 20.5548, 20.5526, -6.06557, 0.00374173, 4.59643e-07, 
66.986, -6.81895, 23.1087, 32.2499, -4.77183, -2.43778, -0.881751, -6.97903e-05, 20.5548, 20.5526, -6.06557, 0.00374173, 4.59643e-07, 
67.086, -7.76603, 21.7828, 32.2499, -4.77183, -2.80086, -0.881751, -6.97903e-05, 20.5548, 20.5526, -6.06557, 0.00374173, 4.59643e-07, 
67.186, -8.52369, 19.6992, 32.2499, -4.61623, -2.33405, -0.829883, -6.97903e-05, 20.5548, 20.5526, -6.06557, 0.00374173, 4.59643e-07, 
67.286, -9.09194, 25.9499, 32.9956, -4.87556, -2.17844, -0.985486, -6.97903e-05, 20.5548, 20.5526, -6.06557, 0.00374173, 4.59643e-07, 
67.386, -9.47077, 24.8134, 32.2499, -4.61623, -2.80086, -0.881751, -6.97903e-05, 20.5548, 20.5526, -6.06557, 0.00374173, 4.59643e-07, 
67.486, -9.66019, 24.2452, 32.4363, -4.66809, -2.17844, -0.881751, -6.97903e-05, 20.5548, 20.5526, -6.06557, 0.00374173, 4.59643e-07, 
67.586, -9.66019, 28.7911, 31.7839, -4.61623, -2.95646, -0.933619, -6.97903e-05, 20.5548, 20.5526, -6.06557, 0.00374173, 4.59643e-07, 
67.686, -10.039, 30.6853, 30.3857, -4.71996, -1.40043, -0.933619, -6.97903e-05, 20.5548, 20.5526, -6.06557, 0.00374173, 4.59643e-07, 
67.786, -10.9861, 45.2703, 26.6574, -5.03117, -0.829883, -1.08922, -6.97903e-05, 20.5548, 20.5526, -6.06557, 0.00374173, 4.59643e-07, 
67.886, -11.7438, 94.8971, 7.54983, -5.08304, 4.20128, -1.29669, -6.97903e-05, 20.5548, 20.5526, -6.06557, 0.00374173, 4.59643e-07, 
67.986, -12.6908, 123.309, 3.6351, -5.44611, 5.86105, -1.4523, -6.97903e-05, 20.5548, 20.5526, -6.06557, 0.00374173, 4.59643e-07, 
68.086, -13.0697, 136.569, -0.0932078, -5.91292, 6.89841, -1.55603, -6.97903e-05, 20.5548, 20.5526, -6.06557, 0.00374173, 4.59643e-07, 
68.186, -11.5543, 139.41, -0.279623, -6.27599, 7.78016, -1.6079, -6.97903e-05, 20.5548, 20.5526, -6.06557, 0.00374173, 4.59643e-07, 
68.286, -9.8496, 136.758, -4.47398, -6.27599, 4.46062, -1.4523, -6.97903e-05, 20.5548, 20.5526, -6.06557, 0.00374173, 4.59643e-07, 
68.386, -7.19779, 124.635, -3.16907, -6.95027, 5.70545, -1.08922, -6.97903e-05, 20.5548, 20.5526, -6.06557, 0.00374173, 4.59643e-07, 
68.486, -4.16714, 118.195, 1.39812, -8.5063, 8.1951, -0.103735, -6.97903e-05, 20.5548, 20.5526, -6.06557, 0.00374173, 4.59643e-07, 
68.586, -0.378831, 111.187, -1.86416, -7.67642, 6.12039, 0.466809, -6.97903e-05, 20.5548, 20.5526, -6.06557, 0.00374173, 4.59643e-07, 
68.686, 2.27299, 101.337, 0.186416, -6.84654, 6.37973, 0.726148, -6.97903e-05, 20.5548, 20.5526, -6.06557, 0.00374173, 4.59643e-07, 
68.786, 2.65182, 93.1924, 0.83887, -7.31335, 6.22413, 0.985486, -6.97903e-05, 20.5548, 20.5526, -6.06557, 0.00374173, 4.59643e-07, 
68.886, 2.27299, 85.8052, 2.98265, -8.1951, 8.40257, 1.03735, -6.97903e-05, 20.5548, 20.5526, -6.06557, 0.00374173, 4.59643e-07, 
68.986, -0.378831, 81.4486, 4.00794, -8.24697, 7.62455, 0.829883, -6.97903e-05, 20.5548, 20.5526, -6.06557, 0.00374173, 4.59643e-07, 
69.086, -5.68246, 76.9027, 5.77888, -6.95027, 7.62455, -0.570545, -6.97903e-05, 20.5548, 20.5526, -6.06557, 0.00374173, 4.59643e-07, 
69.186, -11.5543, 66.2954, 7.73625, -5.39424, 7.10588, -1.91911, -6.97903e-05, 20.5548, 20.5526, -6.06557, 0.00374173, 4.59643e-07, 
69.286, -14.7744, 61.9388, 6.89738, -3.47514, 6.84654, -2.23031, -6.97903e-05, 20.5548, 20.5526, -6.06557, 0.00374173, 4.59643e-07, 
69.386, -14.0167, 53.9834, 8.85474, -3.3714, 7.67642, -2.74899, -6.97903e-05, 20.5548, 20.5526, -6.06557, 0.00374173, 4.59643e-07, 
69.486, -3.22006, 46.2174, 11.2781, -3.11206, 6.89841, -3.06019, -6.97903e-05, 20.5548, 20.5526, -6.06557, 0.00374173, 4.59643e-07, 
69.586, 12.8802, 26.1393, 11.0917, -3.06019, 7.57269, -2.90459, -6.97903e-05, 20.5548, 20.5526, -6.06557, 0.00374173, 4.59643e-07, 
69.686, 22.7298, 19.8886, 9.41399, -3.31953, 7.98763, -2.43778, -6.97903e-05, 20.5548, 20.5526, -6.06557, 0.00374173, 4.59643e-07, 
69.786, 26.3287, 14.3956, 9.69361, -4.20128, 8.5063, -1.24483, -6.97903e-05, 20.5548, 20.5526, -6.06557, 0.00374173, 4.59643e-07, 
69.886, 23.1087, 12.6908, 6.52455, -7.88389, 8.14323, 1.91911, -6.97903e-05, 20.5548, 20.5526, -6.06557, 0.00374173, 4.59643e-07, 
69.986, 17.9945, 9.09194, 5.12643, -7.20961, 8.1951, 2.59339, -6.97903e-05, 20.5548, 20.5526, -6.06557, 0.00374173, 4.59643e-07, 
70.086, 10.9861, 4.9248, 7.08379, -6.63907, 7.20961, 2.28218, -6.97903e-05, 20.5548, 20.5526, -6.06557, 0.00374173, 4.59643e-07, 
70.186, -0.947077, 7.57662, 8.20229, -6.79467, 6.95027, 2.17844, -6.97903e-05, 20.5548, 20.5526, -6.06557, 0.00374173, 4.59643e-07, 
70.286, -6.81895, 13.8273, 9.41399, -6.95027, 7.00214, 1.91911, -6.97903e-05, 20.5548, 20.5526, -6.06557, 0.00374173, 4.59643e-07, 
70.386, -10.039, 15.7215, 11.3714, -6.95027, 5.60171, 1.81537, -6.97903e-05, 20.5548, 20.5526, -6.06557, 0.00374173, 4.59643e-07, 
70.486, -9.66019, 22.1616, 11.1849, -7.10588, 6.12039, 1.55603, -6.97903e-05, 20.5548, 20.5526, -6.06557, 0.00374173, 4.59643e-07, 
70.586, -10.039, 25.7605, 12.7695, -7.05401, 5.75732, 1.4523, -6.97903e-05, 20.5548, 20.5526, -6.06557, 0.00374173, 4.59643e-07, 
70.686, -9.8496, 34.2842, 15.3793, -6.95027, 2.17844, 1.40043, -6.97903e-05, 20.5548, 20.5526, -6.06557, 0.00374173, 4.59643e-07, 
70.786, -9.66019, 46.2174, 22.3699, -7.10588, 0.881751, 1.24483, -6.97903e-05, 20.5548, 20.5526, -6.06557, 0.00374173, 4.59643e-07, 
70.886, -7.57662, 50.7633, 24.4204, -5.65358, 0.0518677, 0.466809, -6.97903e-05, 20.5548, 20.5526, -6.06557, 0.00374173, 4.59643e-07, 
70.986, -5.49305, 49.4374, 23.5816, -4.77183, 1.55603, -0, -6.97903e-05, 20.5548, 20.5526, -6.06557, 0.00374173, 4.59643e-07, 
71.086, -3.40948, 32.7689, 15.0997, -4.09755, 5.54984, 0.103735, -6.97903e-05, 20.5548, 20.5526, -6.06557, 0.00374173, 4.59643e-07, 
71.186, -0.568246, 17.9945, 10.8121, -5.23864, 6.95027, 1.03735, -6.97903e-05, 20.5548, 20.5526, -6.06557, 0.00374173, 4.59643e-07, 
71.286, -0, 17.2368, 10.5325, -7.05401, 6.48346, 1.34856, -6.97903e-05, 20.5548, 20.5526, -6.06557, 0.00374173, 4.59643e-07, 
71.386, -0.378831, 16.858, 11.8374, -7.41708, 6.48346, 1.34856, -6.97903e-05, 20.5548, 20.5526, -6.06557, 0.00374173, 4.59643e-07, 
71.486, -1.13649, 19.131, 11.9306, -7.57269, 5.86105, 1.4523, -6.97903e-05, 20.5548, 20.5526, -6.06557, 0.00374173, 4.59643e-07, 
71.586, -1.89415, 20.2674, 12.2102, -7.05401, 6.32786, 1.40043, -6.97903e-05, 20.5548, 20.5526, -6.06557, 0.00374173, 4.59643e-07, 
71.686, -0.947077, 17.0474, 12.3034, -7.46895, 7.36521, 1.29669, -6.97903e-05, 20.5548, 20.5526, -6.06557, 0.00374173, 4.59643e-07, 
71.786, -0.189415, 14.585, 11.5578, -7.46895, 6.37973, 1.50416, -6.97903e-05, 20.5548, 20.5526, -6.06557, 0.00374173, 4.59643e-07, 
71.886, 1.32591, 13.4485, 10.4393, -7.31335, 7.36521, 1.6079, -6.97903e-05, 20.5548, 20.5526, -6.06557, 0.00374173, 4.59643e-07, 
71.986, 1.32591, 15.7215, 9.97324, -7.72829, 6.89841, 1.55603, -6.97903e-05, 20.5548, 20.5526, -6.06557, 0.00374173, 4.59643e-07, 
72.086, 1.13649, 14.0167, 10.9053, -7.98763, 6.84654, 1.55603, -6.97903e-05, 20.5548, 20.5526, -6.06557, 0.00374173, 4.59643e-07, 
72.186, 1.13649, 15.9109, 10.7189, -7.98763, 7.46895, 1.4523, -6.97903e-05, 20.5548, 20.5526, -6.06557, 0.00374173, 4.59643e-07, 
72.286, 0.378831, 16.6686, 11.5578, -7.83202, 7.57269, 1.6079, -6.97903e-05, 20.5548, 20.5526, -6.06557, 0.00374173, 4.59643e-07, 
72.386, -0.947077, 20.2674, 12.7695, -7.78016, 7.15774, 1.6079, -6.97903e-05, 20.5548, 20.5526, -6.06557, 0.00374173, 4.59643e-07, 
72.486, -3.22006, 28.2229, 12.9559, -7.88389, 5.39424, 1.6079, -6.97903e-05, 20.5548, 20.5526, -6.06557, 0.00374173, 4.59643e-07, 
72.586, -5.68246, 47.3539, 17.8959, -7.88389, 0.622413, 1.55603, -6.97903e-05, 20.5548, 20.5526, -6.06557, 0.00374173, 4.59643e-07, 
72.686, -6.62954, 62.1283, 23.9544, -7.41708, 0.985486, 1.4523, -6.97903e-05, 20.5548, 20.5526, -6.06557, 0.00374173, 4.59643e-07, 
72.786, -9.09194, 66.8636, 25.1661, -7.20961, 0.207471, 1.24483, -6.97903e-05, 20.5548, 20.5526, -6.06557, 0.00374173, 4.59643e-07, 
72.886, -8.52369, 68.1895, 25.8186, -5.60171, 0.155603, 0.466809, -6.97903e-05, 20.5548, 20.5526, -6.06557, 0.00374173, 4.59643e-07, 
72.986, -7.57662, 63.833, 25.9118, -4.51249, 0.518677, 0.0518677, -6.97903e-05, 20.5548, 20.5526, -6.06557, 0.00374173, 4.59643e-07, 
73.086, -5.87188, 60.9918, 24.234, -3.78634, 1.08922, -0.103735, -6.97903e-05, 20.5548, 20.5526, -6.06557, 0.00374173, 4.59643e-07, 
73.186, -3.97772, 52.0892, 23.768, -3.73448, 1.08922, 0.103735, -6.97903e-05, 20.5548, 20.5526, -6.06557, 0.00374173, 4.59643e-07, 
73.286, -3.59889, 38.2619, 20.7853, -5.23864, 5.80918, 1.08922, -6.97903e-05, 20.5548, 20.5526, -6.06557, 0.00374173, 4.59643e-07, 
73.386, -3.97772, 30.1171, 16.4046, -5.65358, 5.96479, 1.19296, -6.97903e-05, 20.5548, 20.5526, -6.06557, 0.00374173, 4.59643e-07, 
73.486, -4.54597, 28.0335, 13.888, -5.91292, 5.96479, 1.29669, -6.97903e-05, 20.5548, 20.5526, -6.06557, 0.00374173, 4.59643e-07, 
73.586, -4.54597, 29.5488, 12.117, -5.91292, 5.75732, 1.34856, -6.97903e-05, 20.5548, 20.5526, -6.06557, 0.00374173, 4.59643e-07, 
73.686, -4.54597, 28.2229, 11.9306, -6.01665, 6.69093, 1.40043, -6.97903e-05, 20.5548, 20.5526, -6.06557, 0.00374173, 4.59643e-07, 
73.786, -4.35655, 28.0335, 11.5578, -6.06852, 6.37973, 1.34856, -6.97903e-05, 20.5548, 20.5526, -6.06557, 0.00374173, 4.59643e-07, 
73.886, -4.54597, 28.2229, 11.3714, -6.12039, 6.79467, 1.40043, -6.97903e-05, 20.5548, 20.5526, -6.06557, 0.00374173, 4.59643e-07, 
73.986, -4.9248, 28.6017, 10.1597, -6.22413, 6.79467, 1.4523, -6.97903e-05, 20.5548, 20.5526, -6.06557, 0.00374173, 4.59643e-07, 
74.086, -4.73539, 28.0335, 10.4393, -6.32786, 6.27599, 1.4523, -6.97903e-05, 20.5548, 20.5526, -6.06557, 0.00374173, 4.59643e-07, 
74.186, -4.9248, 27.0864, 10.4393, -6.32786, 5.54984, 1.4523, -6.97903e-05, 20.5548, 20.5526, -6.06557, 0.00374173, 4.59643e-07, 
